date,card_id,psa10_price,raw_price,psa10_pop,pop_change_30d,sales_7d,sales_30d,lowest_listing,listing_count,raw_psa_spread,APS,ASI
2026-08-09,mega-gengar-ex-240,591.00,,32900,,,,,,,,
2026-08-09,umbreon-ex-217,617.00,,78681,,,,,,,,
2026-08-10,mega-darkrai-ex-114,371.00,,2322,,,,,,,,
2026-08-10,mega-dragonite-ex-246,326.00,,25593,,,,,,,,
2026-08-10,mega-gengar-ex-240,589.00,,32984,,,,,,,,
2026-08-10,pikachu-ex-234,414.00,,30528,,,,,,,,
2026-08-10,rockets-mewtwo-ex-237,228.00,,18160,,,,,,,,
2026-08-10,umbreon-ex-217,607.00,,78703,,,,,,,,
2026-08-11,ancient-mew,2674.00,,3888,,,,,,,,
2026-08-11,arceus-vstar-262,211.00,,24338,,,,,,,,
2026-08-11,charizard-ex-134,406.00,,19832,,,,,,,,
2026-08-11,charizard-ex-201,630.00,,37451,,,,,,,,
2026-08-11,charizard-ex-349,380.00,,24316,,,,,,,,
2026-08-11,charizard-ex-sir-199,1521.00,,28239,,,,,,,,
2026-08-11,charizard-holo-004,11640.00,,486,,,,,,,,
2026-08-11,charizard-v-050,86.00,,50797,,,,,,,,
2026-08-11,eevee-svp-173,134.00,,30742,,,,,,,,
2026-08-11,giratina-v-111,1898.00,,13566,,,,,,,,
2026-08-11,giratina-vstar-261,327.00,,29671,,,,,,,,
2026-08-11,mega-charizard-x-ex-110,1042.00,,49129,,,,,,,,
2026-08-11,mega-darkrai-ex-114,371.00,,2322,,,,,,,,
2026-08-11,mega-dragonite-ex-246,326.00,,25593,,,,,,,,
2026-08-11,mega-gengar-ex-240,589.00,,32984,,,,,,,,
2026-08-11,mew-ex-347,841.00,,26245,,,,,,,,
2026-08-11,moltres-zapdos-articuno-gx-sm210,418.00,,42026,,,,,,,,
2026-08-11,pikachu-ex-234,414.00,,30528,,,,,,,,
2026-08-11,pikachu-ex-764,2250.00,,6120,,,,,,,,
2026-08-11,pikachu-grey-felt-hat-085,2789.00,,47968,,,,,,,,
2026-08-11,pikachu-mcdonalds-020,86.00,,281276,,,,,,,,
2026-08-11,pikachu-sv-promo-001,104.00,,74721,,,,,,,,
2026-08-11,rayquaza-vmax-083,6591.00,,2494,,,,,,,,
2026-08-11,rockets-giovanni-270,78.00,,3212,,,,,,,,
2026-08-11,rockets-mewtwo-ex-237,238.00,,18160,,,,,,,,
2026-08-11,umbreon-ex-217,607.00,,78703,,,,,,,,
2026-08-12,ancient-mew,2928.00,,3906,,,,,,,,
2026-08-12,arceus-vstar-262,209.00,,24520,,,,,,,,
2026-08-12,charizard-ex-134,427.00,,19851,,,,,,,,
2026-08-12,charizard-ex-201,630.00,,37501,,,,,,,,
2026-08-12,charizard-ex-349,380.00,,24350,,,,,,,,
2026-08-12,charizard-ex-sir-199,1460.00,,28363,,,,,,,,
2026-08-12,charizard-holo-004,20771.00,,486,,,,,,,,
2026-08-12,charizard-v-050,88.00,,50932,,,,,,,,
2026-08-12,detective-pikachu-098,451.00,,48518,,,,,,,,
2026-08-12,eevee-art-755,385.00,,1167,,,,,,,,
2026-08-12,eevee-svp-173,142.00,,30889,,,,,,,,
2026-08-12,fukuoka-pikachu-289,228.00,,31929,,,,,,,,
2026-08-12,giratina-v-111,1909.00,,13574,,,,,,,,
2026-08-12,giratina-vstar-261,327.00,,29901,,,,,,,,
2026-08-12,hiroshima-pikachu-261,312.00,,23219,,,,,,,,
2026-08-12,mega-charizard-x-ex-110,1034.00,,49317,,,,,,,,
2026-08-12,mega-darkrai-ex-114,355.00,,2393,,,,,,,,
2026-08-12,mega-dragonite-ex-246,324.00,,25843,,,,,,,,
2026-08-12,mega-gengar-ex-240,588.00,,33262,,,,,,,,
2026-08-12,mew-ex-347,840.00,,26281,,,,,,,,
2026-08-12,moltres-zapdos-articuno-gx-sm210,433.00,,42481,,,,,,,,
2026-08-12,pikachu-chr-073,149.00,,32336,,,,,,,,
2026-08-12,pikachu-ex-234,417.00,,30830,,,,,,,,
2026-08-12,pikachu-ex-764,2247.00,,6155,,,,,,,,
2026-08-12,pikachu-grey-felt-hat-085,2741.00,,49709,,,,,,,,
2026-08-12,pikachu-mcdonalds-020,90.00,,284196,,,,,,,,
2026-08-12,pikachu-promo-208,343.00,,39606,,,,,,,,
2026-08-12,pikachu-promo-323,607.00,,15158,,,,,,,,
2026-08-12,pikachu-sv-promo-001,98.00,,76016,,,,,,,,
2026-08-12,rayquaza-vmax-083,6556.00,,2496,,,,,,,,
2026-08-12,rockets-giovanni-270,84.00,,3233,,,,,,,,
2026-08-12,rockets-mewtwo-ex-237,234.00,,18410,,,,,,,,
2026-08-12,tohoku-pikachu-260,252.00,,24462,,,,,,,,
2026-08-12,umbreon-ex-217,605.00,,78818,,,,,,,,
2026-08-12,umbreon-v-085,506.00,,12275,,,,,,,,
2026-08-13,arceus-vstar-262,203.00,,24542,,,,,,,,
2026-08-13,charizard-ex-134,439.00,,19874,,,,,,,,
2026-08-13,charizard-ex-201,645.00,,37524,,,,,,,,
2026-08-13,charizard-ex-349,392.00,,24368,,,,,,,,
2026-08-13,charizard-ex-sir-199,1479.00,,28373,,,,,,,,
2026-08-13,detective-pikachu-098,458.00,,48565,,,,,,,,
2026-08-13,eevee-art-755,397.00,,1180,,,,,,,,
2026-08-13,fukuoka-pikachu-289,229.00,,32121,,,,,,,,
2026-08-13,giratina-v-111,1906.00,,13577,,,,,,,,
2026-08-13,giratina-vstar-261,317.00,,29915,,,,,,,,
2026-08-13,hiroshima-pikachu-261,308.00,,23523,,,,,,,,
2026-08-13,mega-charizard-x-ex-110,1054.00,,49401,,,,,,,,
2026-08-13,mega-darkrai-ex-114,364.00,,2498,,,,,,,,
2026-08-13,mega-dragonite-ex-246,321.00,,26097,,,,,,,,
2026-08-13,mega-gengar-ex-240,587.00,,33474,,,,,,,,
2026-08-13,mew-ex-347,845.00,,26302,,,,,,,,
2026-08-13,pikachu-chr-073,146.00,,32407,,,,,,,,
2026-08-13,pikachu-ex-234,413.00,,31061,,,,,,,,
2026-08-13,pikachu-ex-764,2240.00,,6201,,,,,,,,
2026-08-13,pikachu-grey-felt-hat-085,2808.00,,49717,,,,,,,,
2026-08-13,pikachu-mcdonalds-020,88.00,,284389,,,,,,,,
2026-08-13,pikachu-promo-208,348.00,,39661,,,,,,,,
2026-08-13,pikachu-promo-323,604.00,,15175,,,,,,,,
2026-08-13,pikachu-sv-promo-001,100.00,,76111,,,,,,,,
2026-08-13,rayquaza-vmax-083,6623.00,,2496,,,,,,,,
2026-08-13,rockets-giovanni-270,84.00,,3234,,,,,,,,
2026-08-13,rockets-mewtwo-ex-237,233.00,,18621,,,,,,,,
2026-08-13,tohoku-pikachu-260,264.00,,24570,,,,,,,,
2026-08-13,umbreon-ex-217,6787.00,,78917,,,,,,,,
2026-08-13,umbreon-v-085,514.00,,12286,,,,,,,,
2026-08-14,arceus-vstar-262,208.00,,24564,,,,,,,,
2026-08-14,charizard-ex-134,431.00,,19899,,,,,,,,
2026-08-14,charizard-ex-201,637.00,,37553,,,,,,,,
2026-08-14,charizard-ex-349,391.00,,24391,,,,,,,,
2026-08-14,charizard-ex-sir-199,1468.00,,28378,,,,,,,,
2026-08-14,eevee-art-755,326.00,,1193,,,,,,,,
2026-08-14,fukuoka-pikachu-289,228.00,,32426,,,,,,,,
2026-08-14,giratina-v-111,1908.00,,13578,,,,,,,,
2026-08-14,giratina-vstar-261,317.00,,29943,,,,,,,,
2026-08-14,hiroshima-pikachu-261,310.00,,23788,,,,,,,,
2026-08-14,mega-charizard-x-ex-110,1038.00,,49516,,,,,,,,
2026-08-14,mega-darkrai-ex-114,361.00,,2554,,,,,,,,
2026-08-14,mega-gengar-ex-240,578.00,,33677,,,,,,,,
2026-08-14,mew-ex-347,843.00,,26320,,,,,,,,
2026-08-14,pikachu-chr-073,149.00,,32481,,,,,,,,
2026-08-14,pikachu-ex-234,415.00,,31314,,,,,,,,
2026-08-14,pikachu-ex-764,2257.00,,6246,,,,,,,,
2026-08-14,pikachu-grey-felt-hat-085,2795.00,,49718,,,,,,,,
2026-08-14,pikachu-mcdonalds-020,89.00,,284770,,,,,,,,
2026-08-14,pikachu-promo-208,352.00,,39697,,,,,,,,
2026-08-14,pikachu-promo-323,595.00,,15184,,,,,,,,
2026-08-14,rayquaza-vmax-083,6622.00,,2497,,,,,,,,
2026-08-14,rockets-giovanni-270,90.00,,3234,,,,,,,,
2026-08-14,rockets-mewtwo-ex-237,231.00,,18862,,,,,,,,
2026-08-14,tohoku-pikachu-260,256.00,,24794,,,,,,,,
2026-08-14,umbreon-ex-217,6771.00,,79036,,,,,,,,
2026-08-14,umbreon-v-085,512.00,,12297,,,,,,,,
2026-08-15,arceus-vstar-262,209.00,,24573,,,,,,,,
2026-08-15,charizard-ex-134,434.00,,19907,,,,,,,,
2026-08-15,charizard-ex-201,643.00,,37570,,,,,,,,
2026-08-15,charizard-ex-349,392.00,,24397,,,,,,,,
2026-08-15,charizard-ex-sir-199,1477.00,,28388,,,,,,,,
2026-08-15,detective-pikachu-098,447.00,,48659,,,,,,,,
2026-08-15,fukuoka-pikachu-289,228.00,,32555,,,,,,,,
2026-08-15,giratina-v-111,1979.00,,13581,,,,,,,,
2026-08-15,giratina-vstar-261,315.00,,29955,,,,,,,,
2026-08-15,hiroshima-pikachu-261,307.00,,23932,,,,,,,,
2026-08-15,mega-charizard-x-ex-110,1019.00,,49619,,,,,,,,
2026-08-15,mega-darkrai-ex-114,357.00,,2632,,,,,,,,
2026-08-15,mega-dragonite-ex-246,322.00,,26435,,,,,,,,
2026-08-15,mega-gengar-ex-240,585.00,,33789,,,,,,,,
2026-08-15,mew-ex-347,845.00,,26334,,,,,,,,
2026-08-15,pikachu-chr-073,147.00,,32527,,,,,,,,
2026-08-15,pikachu-ex-234,416.00,,31444,,,,,,,,
2026-08-15,pikachu-ex-764,2257.00,,6269,,,,,,,,
2026-08-15,pikachu-grey-felt-hat-085,2826.00,,49739,,,,,,,,
2026-08-15,pikachu-mcdonalds-020,88.00,,285435,,,,,,,,
2026-08-15,pikachu-promo-208,340.00,,39721,,,,,,,,
2026-08-15,pikachu-promo-323,603.00,,15190,,,,,,,,
2026-08-15,pikachu-sv-promo-001,99.00,,76318,,,,,,,,
2026-08-15,rayquaza-vmax-083,6676.00,,2498,,,,,,,,
2026-08-15,rockets-giovanni-270,89.00,,3234,,,,,,,,
2026-08-15,rockets-mewtwo-ex-237,232.00,,18965,,,,,,,,
2026-08-15,tohoku-pikachu-260,259.00,,24860,,,,,,,,
2026-08-15,umbreon-ex-217,6776.00,,79098,,,,,,,,
2026-08-15,umbreon-v-085,510.00,,12302,,,,,,,,
2026-08-16,arceus-vstar-262,211.00,,24574,,,,,,,,
2026-08-16,charizard-ex-134,424.00,,19907,,,,,,,,
2026-08-16,charizard-ex-201,652.00,,37575,,,,,,,,
2026-08-16,charizard-ex-349,387.00,,24398,,,,,,,,
2026-08-16,detective-pikachu-098,446.00,,48659,,,,,,,,
2026-08-16,eevee-art-755,357.00,,1207,,,,,,,,
2026-08-16,fukuoka-pikachu-289,226.00,,32561,,,,,,,,
2026-08-16,giratina-v-111,1961.00,,13582,,,,,,,,
2026-08-16,giratina-vstar-261,315.00,,29956,,,,,,,,
2026-08-16,hiroshima-pikachu-261,310.00,,23937,,,,,,,,
2026-08-16,mega-charizard-x-ex-110,1030.00,,49626,,,,,,,,
2026-08-16,mega-darkrai-ex-114,363.00,,2633,,,,,,,,
2026-08-16,mega-dragonite-ex-246,316.00,,26448,,,,,,,,
2026-08-16,mega-gengar-ex-240,582.00,,33800,,,,,,,,
2026-08-16,mew-ex-347,840.00,,26336,,,,,,,,
2026-08-16,pikachu-chr-073,148.00,,32527,,,,,,,,
2026-08-16,pikachu-ex-234,404.00,,31462,,,,,,,,
2026-08-16,pikachu-ex-764,2307.00,,6272,,,,,,,,
2026-08-16,pikachu-grey-felt-hat-085,2807.00,,49739,,,,,,,,
2026-08-16,pikachu-mcdonalds-020,87.00,,285439,,,,,,,,
2026-08-16,pikachu-promo-208,354.00,,39722,,,,,,,,
2026-08-16,pikachu-promo-323,609.00,,15191,,,,,,,,
2026-08-16,pikachu-sv-promo-001,94.00,,76318,,,,,,,,
2026-08-16,rayquaza-vmax-083,6766.00,,2498,,,,,,,,
2026-08-16,rockets-giovanni-270,89.00,,3234,,,,,,,,
2026-08-16,rockets-mewtwo-ex-237,231.00,,18973,,,,,,,,
2026-08-16,tohoku-pikachu-260,260.00,,24866,,,,,,,,
2026-08-16,umbreon-v-085,515.00,,12303,,,,,,,,
2026-08-17,arceus-vstar-262,206.00,,24582,,,,,71,94.44,,
2026-08-17,charizard-ex-134,423.00,,19918,,,,,106,208.93,,
2026-08-17,charizard-ex-201,655.00,,37593,,,,,111,81.82,,
2026-08-17,charizard-ex-349,387.00,,24410,,,,,90,182.41,,
2026-08-17,charizard-ex-sir-199,1451.00,,28388,,,,,,,,
2026-08-17,detective-pikachu-098,450.00,,48667,,,,,198,156.25,,
2026-08-17,eevee-art-755,296.00,,1218,,,,,40,365.00,,
2026-08-17,fukuoka-pikachu-289,227.00,,32705,,,,,284,209.09,,
2026-08-17,giratina-v-111,1952.00,,13586,,,,,65,116.47,,
2026-08-17,giratina-vstar-261,313.00,,29960,,,,,88,56.60,,
2026-08-17,hiroshima-pikachu-261,317.00,,24007,,,,,130,261.02,,
2026-08-17,mega-charizard-x-ex-110,1025.00,,49683,,,,,247,129.73,,
2026-08-17,mega-darkrai-ex-114,352.00,,2638,,,,,36,194.71,,
2026-08-17,mega-dragonite-ex-246,318.00,,26576,,,,,173,140.00,,
2026-08-17,mega-gengar-ex-240,576.00,,33909,,,,,222,115.01,,
2026-08-17,mew-ex-347,844.00,,26348,,,,,58,141.94,,
2026-08-17,pikachu-chr-073,157.00,,32577,,,,,162,820.00,,
2026-08-17,pikachu-ex-234,408.00,,31589,,,,,314,180.01,,
2026-08-17,pikachu-ex-764,2322.00,,6284,,,,,114,148.00,,
2026-08-17,pikachu-grey-felt-hat-085,2827.00,,49739,,,,,,,,
2026-08-17,pikachu-mcdonalds-020,87.00,,285668,,,,,386,412.71,,
2026-08-17,pikachu-promo-208,342.00,,39749,,,,,170,384.00,,
2026-08-17,pikachu-promo-323,586.00,,15199,,,,,,,,
2026-08-17,pikachu-sv-promo-001,96.00,,76385,,,,,373,440.22,,
2026-08-17,rayquaza-vmax-083,6683.00,,2498,,,,,44,103.27,,
2026-08-17,rockets-giovanni-270,94.00,,3235,,,,,,,,
2026-08-17,rockets-mewtwo-ex-237,229.00,,19089,,,,,219,131.88,,
2026-08-17,tohoku-pikachu-260,262.00,,24941,,,,,228,355.94,,
2026-08-17,umbreon-ex-217,6712.00,,79153,,,,,244,88.46,,
2026-08-17,umbreon-v-085,513.00,,12305,,,,,78,177.50,,
2026-08-18,arceus-vstar-262,219.00,,24602,,,,,70,83.33,,
2026-08-18,charizard-ex-134,434.00,,19934,,,,,108,208.93,,
2026-08-18,charizard-ex-201,642.00,,37616,,,,,112,86.18,,
2026-08-18,charizard-ex-349,400.00,,24434,,,,,95,179.31,,
2026-08-18,charizard-ex-sir-199,1487.00,,28396,,,,,,,,
2026-08-18,detective-pikachu-098,447.00,,48699,,,,,203,144.00,,
2026-08-18,eevee-art-755,304.00,,1233,,,,,44,352.26,,
2026-08-18,fukuoka-pikachu-289,229.00,,32926,,,,,282,208.91,,
2026-08-18,giratina-v-111,1927.00,,13590,,,,,70,123.03,,
2026-08-18,giratina-vstar-261,320.00,,29980,,,,,89,56.33,,
2026-08-18,hiroshima-pikachu-261,327.00,,24345,,,,,134,316.67,,
2026-08-18,mega-charizard-x-ex-110,1025.00,,49767,,,,,250,105.72,,
2026-08-18,mega-darkrai-ex-114,358.00,,2715,,,,,33,184.44,,
2026-08-18,mega-dragonite-ex-246,321.00,,26750,,,,,175,135.78,,
2026-08-18,mega-gengar-ex-240,578.00,,34090,,,,,229,121.14,,
2026-08-18,mew-ex-347,843.00,,26369,,,,,59,140.32,,
2026-08-18,pikachu-chr-073,159.00,,32656,,,,,168,820.00,,
2026-08-18,pikachu-ex-234,413.00,,31760,,,,,320,178.81,,
2026-08-18,pikachu-ex-764,2247.00,,6317,,,,,104,158.33,,
2026-08-18,pikachu-grey-felt-hat-085,2807.00,,49746,,,,,,,,
2026-08-18,pikachu-mcdonalds-020,,,,,,,,393,435.09,,30.00
2026-08-18,pikachu-promo-208,343.00,,39798,,,,,175,383.00,,
2026-08-18,pikachu-promo-323,586.00,,15209,,,,,,,,
2026-08-18,pikachu-sv-promo-001,98.00,,76476,,,,,357,442.17,,
2026-08-18,rayquaza-vmax-083,6639.00,,2498,,,,,45,103.09,,
2026-08-18,rockets-giovanni-270,94.00,,3238,,,,,,,,
2026-08-18,rockets-mewtwo-ex-237,226.00,,19232,,,,,220,128.99,,
2026-08-18,tohoku-pikachu-260,271.00,,25034,,,,,224,357.32,,
2026-08-18,umbreon-ex-217,6781.00,,79233,,,,,240,83.96,,
2026-08-18,umbreon-v-085,572.00,,12315,,,,,78,175.00,,
2026-08-19,arceus-vstar-262,202.00,,24623,,,,,74,90.23,,
2026-08-19,charizard-ex-134,438.00,,19950,,,,,110,182.33,,
2026-08-19,charizard-ex-201,634.00,,37659,,,,,111,85.45,,
2026-08-19,charizard-ex-349,400.00,,24453,,,,,97,179.31,,
2026-08-19,charizard-ex-sir-199,1466.00,,28405,,,,,,,,
2026-08-19,detective-pikachu-098,441.00,,48750,,,,,204,143.20,,
2026-08-19,eevee-art-755,307.00,,1243,,,,,46,337.53,,
2026-08-19,fukuoka-pikachu-289,224.00,,33271,,,,,284,230.03,,
2026-08-19,giratina-v-111,1931.00,,13593,,,,,72,94.59,,
2026-08-19,giratina-vstar-261,315.00,,30003,,,,,91,55.00,,
2026-08-19,hiroshima-pikachu-261,331.00,,24559,,,,,135,307.41,,
2026-08-19,mega-charizard-x-ex-110,1016.00,,49893,,,,,233,121.16,,
2026-08-19,mega-darkrai-ex-114,335.00,,2796,,,,,48,154.17,,
2026-08-19,mega-dragonite-ex-246,314.00,,26903,,,,,178,105.56,,
2026-08-19,mega-gengar-ex-240,574.00,,34386,,,,,240,123.68,,
2026-08-19,mew-ex-347,843.00,,26384,,,,,59,133.87,,
2026-08-19,pikachu-chr-073,155.00,,32724,,,,,169,836.00,,
2026-08-19,pikachu-ex-234,411.00,,32010,,,,,331,175.21,,
2026-08-19,pikachu-ex-764,2237.00,,6362,,,,,104,158.33,,
2026-08-19,pikachu-grey-felt-hat-085,2773.00,,49763,,,,,,,,
2026-08-19,pikachu-mcdonalds-020,87.00,,285892,,,,,398,441.67,,
2026-08-19,pikachu-promo-208,354.00,,39870,,,,,177,385.00,,
2026-08-19,pikachu-promo-323,583.00,,15214,,,,,,,,
2026-08-19,pikachu-sv-promo-001,95.00,,76652,,,,,358,422.05,,
2026-08-19,rayquaza-vmax-083,6505.00,,2499,,,,,44,98.00,,
2026-08-19,rockets-giovanni-270,94.00,,3241,,,,,,,,
2026-08-19,rockets-mewtwo-ex-125,600.00,,12066,,,,,,,,
2026-08-19,rockets-mewtwo-ex-237,211.00,,19421,,,,,231,147.20,,
2026-08-19,tohoku-pikachu-260,271.00,,25192,,,,,212,368.75,,
2026-08-19,umbreon-ex-217,6770.00,,79345,,,,,235,94.00,,
2026-08-19,umbreon-v-085,553.00,,12324,,,,,80,172.00,,
2026-08-20,arceus-vstar-262,205.00,,24640,,,,,68,86.11,,
2026-08-20,charizard-ex-134,440.00,,19972,,,,,104,174.07,,
2026-08-20,charizard-ex-201,619.00,,37689,,,,,111,85.27,,
2026-08-20,charizard-ex-349,403.00,,24477,,,,,101,185.71,,
2026-08-20,charizard-ex-sir-199,1451.00,,28414,,,,,,,,
2026-08-20,detective-pikachu-098,432.00,,48823,,,,,202,136.00,,
2026-08-20,eevee-art-755,308.00,,1257,,,,,43,365.33,,
2026-08-20,fukuoka-pikachu-289,226.00,,33575,,,,,287,229.83,,
2026-08-20,giratina-v-111,1916.00,,13595,,,,,72,93.78,,
2026-08-20,giratina-vstar-261,314.00,,30029,,,,,91,53.00,,
2026-08-20,hiroshima-pikachu-261,334.00,,24799,,,,,138,281.85,,
2026-08-20,mega-charizard-x-ex-110,988.00,,50007,,,,,220,126.95,,
2026-08-20,mega-darkrai-ex-114,341.00,,2939,,,,,58,150.01,,
2026-08-20,mega-dragonite-ex-246,310.00,,27107,,,,,176,100.00,,
2026-08-20,mega-gengar-ex-240,568.00,,34566,,,,,212,112.50,,
2026-08-20,mew-ex-347,843.00,,26402,,,,,64,224.55,,
2026-08-20,pikachu-chr-073,152.00,,32788,,,,,169,832.00,,
2026-08-20,pikachu-ex-234,408.00,,32185,,,,,330,172.01,,
2026-08-20,pikachu-ex-764,2306.00,,6402,,,,,105,161.67,,
2026-08-20,pikachu-grey-felt-hat-085,2753.00,,49784,,,,,,,,
2026-08-20,pikachu-mcdonalds-020,89.00,,286948,,,,,401,510.00,,
2026-08-20,pikachu-promo-208,364.00,,39925,,,,,176,376.99,,
2026-08-20,pikachu-promo-323,587.00,,15223,,,,,,,,
2026-08-20,pikachu-sv-promo-001,96.00,,76739,,,,,352,422.05,,
2026-08-20,rayquaza-vmax-083,6511.00,,2500,,,,,45,100.00,,
2026-08-20,rockets-giovanni-270,94.00,,3241,,,,,,,,
2026-08-20,rockets-mewtwo-ex-125,610.00,,12087,,,,,,,,
2026-08-20,rockets-mewtwo-ex-237,212.00,,19595,,,,,217,161.02,,
2026-08-20,tohoku-pikachu-260,268.00,,25459,,,,,185,356.25,,
2026-08-20,umbreon-ex-217,6761.00,,79433,,,,,244,91.60,,
2026-08-20,umbreon-v-085,554.00,,12325,,,,,81,170.00,,
2026-08-21,arceus-vstar-262,205.00,,24662,,,,,68,86.12,,
2026-08-21,charizard-ex-134,417.00,,19996,,,,,102,189.67,,
2026-08-21,charizard-ex-201,,,,,,,,101,85.45,,80.00
2026-08-21,charizard-ex-349,397.00,,24498,,,,,88,192.14,,
2026-08-21,charizard-ex-sir-199,1447.00,,28425,,,,,,,,
2026-08-21,detective-pikachu-098,427.00,,48872,,,,,195,139.20,,
2026-08-21,eevee-art-755,306.00,,1271,,,,,42,334.40,,
2026-08-21,fukuoka-pikachu-289,225.00,,33834,,,,,264,227.19,,
2026-08-21,giratina-v-111,1927.00,,13600,,,,,73,93.51,,
2026-08-21,giratina-vstar-261,319.00,,30044,,,,,91,52.67,,
2026-08-21,hiroshima-pikachu-261,332.00,,25013,,,,,133,281.85,,
2026-08-21,mega-charizard-x-ex-110,986.00,,50136,,,,,217,121.74,,
2026-08-21,mega-darkrai-ex-114,336.00,,3060,,,,,57,152.18,,
2026-08-21,mega-dragonite-ex-246,307.00,,27352,,,,,172,119.25,,
2026-08-21,mega-gengar-ex-240,,,,,,,,207,120.26,,30.00
2026-08-21,mew-ex-347,813.00,,26419,,,,,54,243.18,,
2026-08-21,pikachu-chr-073,155.00,,32938,,,,,166,800.00,,
2026-08-21,pikachu-ex-234,405.00,,32432,,,,,314,170.01,,
2026-08-21,pikachu-ex-764,2291.00,,6462,,,,,89,201.64,,
2026-08-21,pikachu-grey-felt-hat-085,2762.00,,49810,,,,,,,,
2026-08-21,pikachu-mcdonalds-020,89.00,,287025,,,,,415,426.27,,
2026-08-21,pikachu-promo-208,365.00,,39973,,,,,165,380.00,,
2026-08-21,pikachu-sv-promo-001,96.00,,76884,,,,,353,438.15,,
2026-08-21,rayquaza-vmax-083,6553.00,,2500,,,,,47,101.87,,
2026-08-21,rockets-giovanni-270,95.00,,3242,,,,,,,,
2026-08-21,rockets-mewtwo-ex-125,603.00,,12102,,,,,,,,
2026-08-21,rockets-mewtwo-ex-237,203.00,,19769,,,,,222,154.14,,
2026-08-21,tohoku-pikachu-260,263.00,,25578,,,,,168,350.00,,
2026-08-21,umbreon-ex-217,,,,,,,,220,97.55,,80.00
2026-08-21,umbreon-v-085,553.00,,12334,,,,,84,167.50,,
2026-08-22,arceus-vstar-262,205.00,,24679,,,,,67,88.20,,
2026-08-22,charizard-ex-134,436.00,,20018,,,,,104,187.41,,
2026-08-22,charizard-ex-201,603.00,,37739,,,,,98,87.27,,
2026-08-22,charizard-ex-349,407.00,,24514,,,,,90,192.14,,
2026-08-22,charizard-ex-sir-199,1452.00,,28439,,,,,,,,
2026-08-22,detective-pikachu-098,419.00,,48912,,,,,193,139.20,,
2026-08-22,eevee-art-755,308.00,,1284,,,,,42,363.26,,
2026-08-22,fukuoka-pikachu-289,222.00,,34211,,,,,253,245.41,,
2026-08-22,giratina-v-111,1886.00,,13608,,,,,72,136.00,,
2026-08-22,giratina-vstar-261,318.00,,30057,,,,,94,53.33,,
2026-08-22,hiroshima-pikachu-261,323.00,,25295,,,,,149,270.03,,
2026-08-22,mega-charizard-x-ex-110,974.00,,50227,,,,,226,120.44,,
2026-08-22,mega-darkrai-ex-114,346.00,,3134,,,,,59,156.82,,
2026-08-22,mega-dragonite-ex-246,304.00,,27466,,,,,183,104.29,,
2026-08-22,mega-gengar-ex-240,560.00,,34969,,,,,201,119.23,,
2026-08-22,mew-ex-347,816.00,,26433,,,,,51,246.82,,
2026-08-22,pikachu-chr-073,148.00,,32982,,,,,164,495.24,,
2026-08-22,pikachu-ex-234,402.00,,32585,,,,,299,172.01,,
2026-08-22,pikachu-ex-764,2276.00,,6479,,,,,94,182.26,,
2026-08-22,pikachu-grey-felt-hat-085,2764.00,,49823,,,,,,,,
2026-08-22,pikachu-mcdonalds-020,91.00,,287359,,,,,416,428.26,,
2026-08-22,pikachu-promo-208,365.00,,40029,,,,,161,380.00,,
2026-08-22,pikachu-promo-323,571.00,,15247,,,,,,,,
2026-08-22,pikachu-sv-promo-001,95.00,,77017,,,,,344,442.17,,
2026-08-22,rayquaza-vmax-083,6516.00,,2502,,,,,46,101.87,,
2026-08-22,rockets-giovanni-270,94.00,,3243,,,,,,,,
2026-08-22,rockets-mewtwo-ex-125,621.00,,12120,,,,,,,,
2026-08-22,rockets-mewtwo-ex-237,209.00,,19869,,,,,213,159.13,,
2026-08-22,tohoku-pikachu-260,263.00,,25711,,,,,167,353.66,,
2026-08-22,umbreon-ex-217,6814.00,,79609,,,,,214,117.73,,
2026-08-22,umbreon-v-085,555.00,,12340,,,,,84,162.50,,
2026-08-23,arceus-vstar-262,205.00,,24679,,,,,63,102.94,,
2026-08-23,charizard-ex-134,430.00,,20019,,,,,102,183.33,,
2026-08-23,charizard-ex-201,608.00,,37741,,,,,100,93.60,,
2026-08-23,charizard-ex-349,407.00,,24514,,,,,94,189.29,,
2026-08-23,charizard-ex-sir-199,1458.00,,28439,,,,,,,,
2026-08-23,detective-pikachu-098,418.00,,48915,,,,,192,132.00,,
2026-08-23,eevee-art-755,306.00,,1284,,,,,41,362.70,,
2026-08-23,fukuoka-pikachu-289,216.00,,34213,,,,,239,219.02,,
2026-08-23,giratina-v-111,1910.00,,13608,,,,,70,153.21,,
2026-08-23,giratina-vstar-261,319.00,,30057,,,,,92,50.00,,
2026-08-23,hiroshima-pikachu-261,,,,,,,,137,270.03,,30.00
2026-08-23,mega-charizard-x-ex-110,992.00,,50232,,,,,220,118.87,,
2026-08-23,mega-darkrai-ex-114,342.00,,3134,,,,,57,166.67,,
2026-08-23,mega-dragonite-ex-246,,,,,,,,193,100.00,,80.00
2026-08-23,mega-gengar-ex-240,557.00,,34976,,,,,205,127.63,,
2026-08-23,mew-ex-347,822.00,,26433,,,,,53,240.91,,
2026-08-23,pikachu-chr-073,148.00,,32985,,,,,172,495.24,,
2026-08-23,pikachu-ex-234,,,,,,,,299,170.01,,30.00
2026-08-23,pikachu-ex-764,2246.00,,6479,,,,,101,173.83,,
2026-08-23,pikachu-grey-felt-hat-085,2764.00,,49827,,,,,,,,
2026-08-23,pikachu-mcdonalds-020,92.00,,287359,,,,,419,421.74,,
2026-08-23,pikachu-promo-208,356.00,,40029,,,,,163,378.00,,
2026-08-23,pikachu-promo-323,581.00,,15247,,,,,,,,
2026-08-23,pikachu-sv-promo-001,95.00,,77018,,,,,342,504.55,,
2026-08-23,rayquaza-vmax-083,6530.00,,2502,,,,,48,105.61,,
2026-08-23,rockets-giovanni-270,93.00,,3243,,,,,,,,
2026-08-23,rockets-mewtwo-ex-125,625.00,,12120,,,,,,,,
2026-08-23,rockets-mewtwo-ex-237,206.00,,19875,,,,,212,160.86,,
2026-08-23,tohoku-pikachu-260,253.00,,25722,,,,,149,371.25,,
2026-08-23,umbreon-ex-217,6806.00,,79611,,,,,218,117.27,,
2026-08-23,umbreon-v-085,547.00,,12340,,,,,84,160.00,,
2026-08-24,arceus-vstar-262,206.00,,24685,,,,,64,104.71,,
2026-08-24,charizard-ex-134,431.00,,20025,,,,,100,186.33,,
2026-08-24,charizard-ex-201,599.00,,37750,,,,,99,92.73,,
2026-08-24,charizard-ex-349,398.00,,24523,,,,,89,192.14,,
2026-08-24,charizard-ex-sir-199,1442.00,,28441,,,,,,,,
2026-08-24,detective-pikachu-098,415.00,,48929,,,,,190,131.20,,
2026-08-24,eevee-art-755,302.00,,1294,,,,,39,366.03,,
2026-08-24,fukuoka-pikachu-289,216.00,,34299,,,,,232,211.11,,
2026-08-24,giratina-v-111,1936.00,,13609,,,,,68,155.00,,
2026-08-24,giratina-vstar-261,324.00,,30063,,,,,88,53.85,,
2026-08-24,hiroshima-pikachu-261,307.00,,25416,,,,,129,270.02,,
2026-08-24,mega-charizard-x-ex-110,1011.00,,50297,,,,,223,118.87,,
2026-08-24,mega-darkrai-ex-114,345.00,,3158,,,,,55,163.41,,
2026-08-24,mega-dragonite-ex-246,303.00,,27555,,,,,192,97.62,,
2026-08-24,mega-gengar-ex-240,561.00,,35048,,,,,208,124.34,,
2026-08-24,mew-ex-347,818.00,,26441,,,,,53,244.19,,
2026-08-24,pikachu-chr-073,152.00,,33009,,,,,162,492.59,,
2026-08-24,pikachu-ex-234,393.00,,32681,,,,,289,193.23,,
2026-08-24,pikachu-ex-764,2261.00,,6492,,,,,104,161.19,,
2026-08-24,pikachu-mcdonalds-020,92.00,,287626,,,,,404,421.70,,
2026-08-24,pikachu-promo-208,353.00,,40040,,,,,156,380.00,,
2026-08-24,pikachu-promo-323,583.00,,15247,,,,,,,,
2026-08-24,pikachu-sv-promo-001,96.00,,77056,,,,,346,565.33,,
2026-08-24,rayquaza-vmax-083,6567.00,,2502,,,,,50,103.74,,
2026-08-24,rockets-giovanni-270,86.00,,3244,,,,,,,,
2026-08-24,rockets-mewtwo-ex-125,647.00,,12124,,,,,,,,
2026-08-24,rockets-mewtwo-ex-237,205.00,,19926,,,,,218,189.99,,
2026-08-24,tohoku-pikachu-260,244.00,,25769,,,,,149,368.75,,
2026-08-24,umbreon-ex-217,6804.00,,79639,,,,,214,120.45,,
2026-08-24,umbreon-v-085,556.00,,12341,,,,,85,160.50,,
2026-08-25,arceus-vstar-262,201.00,,24703,,,,,71,94.12,,
2026-08-25,charizard-ex-134,432.00,,20059,,,,,100,190.00,,
2026-08-25,charizard-ex-201,587.00,,37783,,,,,92,95.63,,
2026-08-25,charizard-ex-349,401.00,,24553,,,,,88,192.86,,
2026-08-25,charizard-ex-sir-199,1417.00,,28454,,,,,,,,
2026-08-25,detective-pikachu-098,413.00,,48989,,,,,193,156.81,,
2026-08-25,eevee-art-755,297.00,,1302,,,,,40,356.70,,
2026-08-25,fukuoka-pikachu-289,213.00,,34662,,,,,227,181.81,,
2026-08-25,giratina-v-111,1926.00,,13615,,,,,69,155.00,,
2026-08-25,giratina-vstar-261,323.00,,30080,,,,,89,53.33,,
2026-08-25,hiroshima-pikachu-261,299.00,,25751,,,,,137,312.69,,
2026-08-25,mega-charizard-x-ex-110,1007.00,,50449,,,,,218,123.05,,
2026-08-25,mega-darkrai-ex-114,325.00,,3276,,,,,48,173.00,,
2026-08-25,mega-dragonite-ex-246,301.00,,27795,,,,,175,100.00,,
2026-08-25,mega-gengar-ex-240,578.00,,35283,,,,,202,150.00,,
2026-08-25,mew-ex-347,834.00,,26469,,,,,52,247.67,,
2026-08-25,pikachu-chr-073,149.00,,33049,,,,,170,476.69,,
2026-08-25,pikachu-ex-234,392.00,,32927,,,,,271,200.00,,
2026-08-25,pikachu-ex-764,2244.00,,6550,,,,,104,172.17,,
2026-08-25,pikachu-grey-felt-hat-085,2739.00,,49844,,,,,,,,
2026-08-25,pikachu-mcdonalds-020,92.00,,287797,,,,,413,388.98,,
2026-08-25,pikachu-promo-208,358.00,,40085,,,,,152,388.00,,
2026-08-25,pikachu-promo-323,581.00,,15255,,,,,,,,
2026-08-25,pikachu-sv-promo-001,100.00,,77404,,,,,363,402.01,,
2026-08-25,rayquaza-vmax-083,6091.00,,2505,,,,,51,103.55,,
2026-08-25,rockets-giovanni-270,84.00,,3245,,,,,,,,
2026-08-25,rockets-mewtwo-ex-125,611.00,,12144,,,,,,,,
2026-08-25,rockets-mewtwo-ex-237,215.00,,20109,,,,,212,184.80,,
2026-08-25,tohoku-pikachu-260,234.00,,26095,,,,,144,460.61,,
2026-08-25,umbreon-ex-217,6795.00,,79795,,,,,211,105.36,,
2026-08-25,umbreon-v-085,,,,,,,,85,160.00,,42.50
2026-08-26,arceus-vstar-262,201.00,,24722,,,,,72,92.94,,
2026-08-26,charizard-ex-134,417.00,,20082,,,,,102,188.33,,
2026-08-26,charizard-ex-201,588.00,,37812,,,,,94,115.96,,
2026-08-26,charizard-ex-349,407.00,,24579,,,,,87,190.71,,
2026-08-26,charizard-ex-sir-199,1414.00,,28458,,,,,,,,
2026-08-26,detective-pikachu-098,412.00,,49045,,,,,192,126.00,,
2026-08-26,eevee-art-755,295.00,,1334,,,,,41,356.70,,
2026-08-26,fukuoka-pikachu-289,216.00,,34789,,,,,212,235.53,,
2026-08-26,giratina-v-111,1891.00,,13620,,,,,72,162.22,,
2026-08-26,giratina-vstar-261,328.00,,30103,,,,,90,53.33,,
2026-08-26,hiroshima-pikachu-261,301.00,,26012,,,,,149,305.89,,
2026-08-26,mega-charizard-x-ex-110,999.00,,50609,,,,,232,121.74,,
2026-08-26,mega-darkrai-ex-114,308.00,,3399,,,,,50,153.50,,
2026-08-26,mega-dragonite-ex-246,305.00,,28032,,,,,179,104.00,,
2026-08-26,mega-gengar-ex-240,577.00,,35537,,,,,204,126.32,,
2026-08-26,mew-ex-347,828.00,,26498,,,,,54,246.51,,
2026-08-26,pikachu-chr-073,147.00,,33116,,,,,168,468.78,,
2026-08-26,pikachu-ex-234,387.00,,33176,,,,,281,168.01,,
2026-08-26,pikachu-ex-764,2213.00,,6619,,,,,105,220.20,,
2026-08-26,pikachu-grey-felt-hat-085,2755.00,,49855,,,,,,,,
2026-08-26,pikachu-mcdonalds-020,90.00,,288077,,,,,426,342.31,,
2026-08-26,pikachu-promo-208,357.00,,40132,,,,,157,390.00,,
2026-08-26,pikachu-promo-323,590.00,,15281,,,,,,,,
2026-08-26,pikachu-sv-promo-001,100.00,,77527,,,,,373,379.92,,
2026-08-26,rayquaza-vmax-083,5679.00,,2505,,,,,49,147.73,,
2026-08-26,rockets-giovanni-270,86.00,,3247,,,,,,,,
2026-08-26,rockets-mewtwo-ex-125,600.00,,12161,,,,,,,,
2026-08-26,rockets-mewtwo-ex-237,218.00,,20279,,,,,207,152.17,,
2026-08-26,tohoku-pikachu-260,232.00,,26209,,,,,158,386.67,,
2026-08-26,umbreon-ex-217,6768.00,,79888,,,,,220,105.15,,
2026-08-26,umbreon-v-085,537.00,,12360,,,,,85,163.75,,
2026-08-27,arceus-vstar-262,201.00,,24743,,,,,75,87.65,,
2026-08-27,charizard-ex-134,415.00,,20108,,,,,105,183.33,,
2026-08-27,charizard-ex-201,583.00,,37847,,,,,94,114.00,,
2026-08-27,charizard-ex-349,404.00,,24599,,,,,89,189.28,,
2026-08-27,charizard-ex-sir-199,1396.00,,28465,,,,,,,,
2026-08-27,detective-pikachu-098,410.00,,49082,,,,,187,283.33,,
2026-08-27,eevee-art-755,306.00,,1352,,,,,42,368.30,,
2026-08-27,fukuoka-pikachu-289,215.00,,35192,,,,,204,177.27,,
2026-08-27,giratina-v-111,1899.00,,13624,,,,,74,155.56,,
2026-08-27,giratina-vstar-261,325.00,,30122,,,,,87,82.00,,
2026-08-27,hiroshima-pikachu-261,305.00,,26450,,,,,174,305.26,,
2026-08-27,mega-charizard-x-ex-110,992.00,,50727,,,,,239,133.33,,
2026-08-27,mega-darkrai-ex-114,295.00,,3544,,,,,46,155.01,,
2026-08-27,mega-dragonite-ex-246,298.00,,28222,,,,,189,116.45,,
2026-08-27,mega-gengar-ex-240,569.00,,35743,,,,,220,142.85,,
2026-08-27,mew-ex-347,834.00,,26534,,,,,57,246.51,,
2026-08-27,pikachu-chr-073,151.00,,33143,,,,,174,463.49,,
2026-08-27,pikachu-ex-234,376.00,,33354,,,,,306,189.13,,
2026-08-27,pikachu-ex-764,2178.00,,6672,,,,,115,215.79,,
2026-08-27,pikachu-grey-felt-hat-085,2759.00,,49862,,,,,,,,
2026-08-27,pikachu-mcdonalds-020,91.00,,288346,,,,,425,340.00,,
2026-08-27,pikachu-promo-208,350.00,,40193,,,,,166,379.00,,
2026-08-27,pikachu-promo-323,593.00,,15296,,,,,,,,
2026-08-27,pikachu-sv-promo-001,100.00,,77609,,,,,372,395.83,,
2026-08-27,rayquaza-vmax-083,5683.00,,2507,,,,,48,146.48,,
2026-08-27,rockets-giovanni-270,84.00,,3249,,,,,,,,
2026-08-27,rockets-mewtwo-ex-125,622.00,,12173,,,,,,,,
2026-08-27,rockets-mewtwo-ex-237,225.00,,20397,,,,,205,154.55,,
2026-08-27,tohoku-pikachu-260,240.00,,26391,,,,,163,372.67,,
2026-08-27,umbreon-ex-217,6895.00,,79968,,,,,225,103.23,,
2026-08-27,umbreon-v-085,565.00,,12364,,,,,83,162.50,,
2026-08-28,arceus-vstar-262,198.00,,24755,,,,,78,79.41,,
2026-08-28,charizard-ex-134,431.00,,20123,,,,,93,183.33,,
2026-08-28,charizard-ex-201,590.00,,37877,,,,,82,122.22,,
2026-08-28,charizard-ex-349,402.00,,24615,,,,,85,211.07,,
2026-08-28,charizard-ex-sir-199,1397.00,,28472,,,,,,,,
2026-08-28,detective-pikachu-098,407.00,,49124,,,,,185,134.33,,
2026-08-28,eevee-art-755,316.00,,1374,,,,,45,457.50,,
2026-08-28,fukuoka-pikachu-289,208.00,,35486,,,,,200,181.82,,
2026-08-28,giratina-v-111,1915.00,,13630,,,,,72,148.89,,
2026-08-28,giratina-vstar-261,324.00,,30139,,,,,91,68.52,,
2026-08-28,hiroshima-pikachu-261,305.00,,26788,,,,,133,287.74,,
2026-08-28,mega-charizard-x-ex-110,1017.00,,50862,,,,,229,131.94,,
2026-08-28,mega-darkrai-ex-114,290.00,,3681,,,,,48,215.62,,
2026-08-28,mega-dragonite-ex-246,299.00,,28374,,,,,186,122.23,,
2026-08-28,mega-gengar-ex-240,579.00,,35953,,,,,216,140.00,,
2026-08-28,mew-ex-347,814.00,,26564,,,,,62,225.58,,
2026-08-28,pikachu-chr-073,152.00,,33204,,,,,173,442.33,,
2026-08-28,pikachu-ex-234,367.00,,33529,,,,,296,182.61,,
2026-08-28,pikachu-ex-764,2068.00,,6728,,,,,109,227.78,,
2026-08-28,pikachu-grey-felt-hat-085,2788.00,,49884,,,,,,,,
2026-08-28,pikachu-mcdonalds-020,89.00,,288595,,,,,408,350.00,,
2026-08-28,pikachu-promo-208,354.00,,40242,,,,,156,380.00,,
2026-08-28,pikachu-promo-323,586.00,,15313,,,,,,,,
2026-08-28,pikachu-sv-promo-001,100.00,,77706,,,,,372,400.00,,
2026-08-28,rayquaza-vmax-083,5653.00,,2507,,,,,48,138.64,,
2026-08-28,rockets-giovanni-270,84.00,,3252,,,,,,,,
2026-08-28,rockets-mewtwo-ex-125,612.00,,12190,,,,,,,,
2026-08-28,rockets-mewtwo-ex-237,219.00,,20521,,,,,204,150.00,,
2026-08-28,tohoku-pikachu-260,236.00,,26485,,,,,150,393.31,,
2026-08-28,umbreon-ex-217,598.00,,80056,,,,,230,100.04,,
2026-08-28,umbreon-v-085,583.00,,12369,,,,,82,160.00,,
2026-08-29,arceus-vstar-262,200.00,,24776,,,,,56,102.35,,
2026-08-29,charizard-ex-134,415.00,,20134,,,,,86,196.29,,
2026-08-29,charizard-ex-201,555.00,,37898,,,,,84,144.44,,
2026-08-29,charizard-ex-349,401.00,,24640,,,,,86,196.30,,
2026-08-29,charizard-ex-sir-199,1407.00,,28476,,,,,,,,
2026-08-29,detective-pikachu-098,413.00,,49152,,,,,183,131.20,,
2026-08-29,eevee-art-755,320.00,,1390,,,,,48,408.33,,
2026-08-29,fukuoka-pikachu-289,208.00,,35703,,,,,198,214.80,,
2026-08-29,giratina-v-111,1821.00,,13633,,,,,68,154.81,,
2026-08-29,giratina-vstar-261,326.00,,30156,,,,,78,74.07,,
2026-08-29,hiroshima-pikachu-261,306.00,,26999,,,,,124,343.17,,
2026-08-29,mega-charizard-x-ex-110,1028.00,,50985,,,,,225,136.11,,
2026-08-29,mega-darkrai-ex-114,284.00,,3757,,,,,52,218.75,,
2026-08-29,mega-dragonite-ex-246,296.00,,28529,,,,,197,100.00,,
2026-08-29,mega-gengar-ex-240,583.00,,36083,,,,,214,138.58,,
2026-08-29,mew-ex-347,826.00,,26597,,,,,57,232.56,,
2026-08-29,pikachu-chr-073,148.00,,33249,,,,,170,442.33,,
2026-08-29,pikachu-ex-234,370.00,,33694,,,,,286,194.35,,
2026-08-29,pikachu-ex-764,2091.00,,6775,,,,,113,216.67,,
2026-08-29,pikachu-grey-felt-hat-085,2769.00,,49907,,,,,,,,
2026-08-29,pikachu-mcdonalds-020,89.00,,288701,,,,,394,548.65,,
2026-08-29,pikachu-promo-208,351.00,,40277,,,,,159,389.00,,
2026-08-29,pikachu-promo-323,606.00,,15316,,,,,,,,
2026-08-29,pikachu-sv-promo-001,95.00,,77895,,,,,366,434.74,,
2026-08-29,rayquaza-vmax-083,5641.00,,2508,,,,,47,169.23,,
2026-08-29,rockets-giovanni-270,85.00,,3252,,,,,,,,
2026-08-29,rockets-mewtwo-ex-125,607.00,,12199,,,,,,,,
2026-08-29,rockets-mewtwo-ex-237,216.00,,20631,,,,,200,159.09,,
2026-08-29,tohoku-pikachu-260,236.00,,26624,,,,,158,453.83,,
2026-08-29,umbreon-ex-217,590.00,,80137,,,,,227,95.83,,
2026-08-29,umbreon-v-085,580.00,,12380,,,,,86,157.50,,
2026-08-30,arceus-vstar-262,198.00,,24777,,,,,51,127.50,,
2026-08-30,charizard-ex-134,425.00,,20138,,,,,91,193.00,,
2026-08-30,charizard-ex-201,586.00,,37904,,,,,86,144.44,,
2026-08-30,charizard-ex-349,395.00,,24644,,,,,91,185.19,,
2026-08-30,charizard-ex-sir-199,1407.00,,28476,,,,,,,,
2026-08-30,detective-pikachu-098,413.00,,49157,,,,,187,129.60,,
2026-08-30,eevee-art-755,331.00,,1390,,,,,46,480.00,,
2026-08-30,fukuoka-pikachu-289,208.00,,35732,,,,,217,207.00,,
2026-08-30,giratina-v-111,1806.00,,13633,,,,,78,148.15,,
2026-08-30,giratina-vstar-261,325.00,,30158,,,,,77,77.78,,
2026-08-30,hiroshima-pikachu-261,288.00,,27071,,,,,123,351.70,,
2026-08-30,mega-charizard-x-ex-110,1048.00,,51001,,,,,228,134.72,,
2026-08-30,mega-darkrai-ex-114,297.00,,3764,,,,,48,157.91,,
2026-08-30,mega-dragonite-ex-246,293.00,,28554,,,,,196,111.35,,
2026-08-30,mega-gengar-ex-240,579.00,,36115,,,,,219,137.14,,
2026-08-30,mew-ex-347,832.00,,26600,,,,,52,248.37,,
2026-08-30,pikachu-chr-073,151.00,,33254,,,,,162,455.29,,
2026-08-30,pikachu-ex-234,377.00,,33716,,,,,308,160.01,,
2026-08-30,pikachu-ex-764,2085.00,,6781,,,,,107,214.44,,
2026-08-30,pikachu-grey-felt-hat-085,2795.00,,49911,,,,,,,,
2026-08-30,pikachu-mcdonalds-020,89.00,,288811,,,,,387,771.43,,
2026-08-30,pikachu-promo-208,,,,,,,,159,385.00,,55.00
2026-08-30,pikachu-promo-323,584.00,,15316,,,,,,,,
2026-08-30,pikachu-sv-promo-001,96.00,,77909,,,,,363,486.36,,
2026-08-30,rayquaza-vmax-083,5654.00,,2509,,,,,48,169.23,,
2026-08-30,rockets-giovanni-270,80.00,,3252,,,,,,,,
2026-08-30,rockets-mewtwo-ex-125,597.00,,12201,,,,,,,,
2026-08-30,rockets-mewtwo-ex-237,217.00,,20652,,,,,206,139.12,,
2026-08-30,tohoku-pikachu-260,235.00,,26671,,,,,161,373.33,,
2026-08-30,umbreon-ex-217,585.00,,80152,,,,,233,99.96,,
2026-08-30,umbreon-v-085,575.00,,12381,,,,,90,150.00,,
2026-08-31,arceus-vstar-262,195.00,,24792,,,,,51,127.50,,
2026-08-31,charizard-ex-134,427.00,,20143,,,,,96,191.67,,
2026-08-31,charizard-ex-201,594.00,,37918,,,,,88,144.00,,
2026-08-31,charizard-ex-349,398.00,,24652,,,,,91,184.44,,
2026-08-31,charizard-ex-sir-199,1423.00,,28476,,,,,,,,
2026-08-31,detective-pikachu-098,408.00,,49175,,,,,189,128.00,,
2026-08-31,eevee-art-755,333.00,,1395,,,,,47,477.77,,
2026-08-31,fukuoka-pikachu-289,207.00,,35907,,,,,233,211.11,,
2026-08-31,giratina-v-111,1803.00,,13638,,,,,79,153.85,,
2026-08-31,giratina-vstar-261,314.00,,30163,,,,,78,79.26,,
2026-08-31,hiroshima-pikachu-261,284.00,,27226,,,,,142,303.06,,
2026-08-31,mega-charizard-x-ex-110,1004.00,,51069,,,,,229,129.17,,
2026-08-31,mega-darkrai-ex-114,298.00,,3843,,,,,49,185.31,,
2026-08-31,mega-dragonite-ex-246,288.00,,28658,,,,,197,108.11,,
2026-08-31,mega-gengar-ex-240,576.00,,36236,,,,,228,134.29,,
2026-08-31,mew-ex-347,814.00,,26609,,,,,58,244.19,,
2026-08-31,pikachu-chr-073,140.00,,33284,,,,,160,479.37,,
2026-08-31,pikachu-ex-234,362.00,,33845,,,,,327,156.01,,
2026-08-31,pikachu-ex-764,2063.00,,6799,,,,,101,216.44,,
2026-08-31,pikachu-grey-felt-hat-085,2738.00,,49913,,,,,,,,
2026-08-31,pikachu-mcdonalds-020,91.00,,288895,,,,,387,764.29,,
2026-08-31,pikachu-promo-208,358.00,,40306,,,,,167,384.00,,
2026-08-31,pikachu-promo-323,576.00,,15328,,,,,,,,
2026-08-31,pikachu-sv-promo-001,97.00,,77937,,,,,369,470.00,,
2026-08-31,rayquaza-vmax-083,5611.00,,2510,,,,,45,90.91,,
2026-08-31,rockets-giovanni-270,80.00,,3252,,,,,,,,
2026-08-31,rockets-mewtwo-ex-125,601.00,,12209,,,,,,,,
2026-08-31,rockets-mewtwo-ex-237,219.00,,20742,,,,,196,152.20,,
2026-08-31,tohoku-pikachu-260,235.00,,26719,,,,,143,386.67,,
2026-08-31,umbreon-ex-217,584.00,,80184,,,,,232,93.33,,
2026-08-31,umbreon-v-085,570.00,,12383,,,,,90,141.25,,
2026-09-01,arceus-vstar-262,199.00,,24808,,,,,53,113.53,,
2026-09-01,charizard-ex-134,424.00,,20167,,,,,96,188.53,,
2026-09-01,charizard-ex-201,614.00,,37946,,,,,85,207.26,,
2026-09-01,charizard-ex-349,384.00,,24679,,,,,89,185.19,,
2026-09-01,charizard-ex-sir-199,1422.00,,28485,,,,,,,,
2026-09-01,detective-pikachu-098,407.00,,49211,,,,,194,128.00,,
2026-09-01,eevee-art-755,329.00,,1406,,,,,46,390.91,,
2026-09-01,fukuoka-pikachu-289,205.00,,36099,,,,,246,205.00,,
2026-09-01,giratina-v-111,1854.00,,13644,,,,,82,150.24,,
2026-09-01,giratina-vstar-261,313.00,,30177,,,,,77,78.15,,
2026-09-01,hiroshima-pikachu-261,270.00,,27423,,,,,161,291.84,,
2026-09-01,mega-charizard-x-ex-110,,,,,,,,238,149.25,,42.50
2026-09-01,mega-darkrai-ex-114,295.00,,4012,,,,,50,206.27,,
2026-09-01,mega-dragonite-ex-246,293.00,,28825,,,,,197,90.01,,
2026-09-01,mega-gengar-ex-240,560.00,,36453,,,,,215,145.45,,
2026-09-01,mew-ex-347,829.00,,26638,,,,,64,232.56,,
2026-09-01,pikachu-chr-073,135.00,,33341,,,,,169,413.75,,
2026-09-01,pikachu-ex-234,346.00,,34037,,,,,317,175.44,,
2026-09-01,pikachu-ex-764,2070.00,,6858,,,,,94,211.11,,
2026-09-01,pikachu-grey-felt-hat-085,2752.00,,49928,,,,,,,,
2026-09-01,pikachu-mcdonalds-020,89.00,,289096,,,,,387,755.71,,
2026-09-01,pikachu-promo-208,353.00,,40339,,,,,174,375.00,,
2026-09-01,pikachu-promo-323,576.00,,15332,,,,,,,,
2026-09-01,pikachu-sv-promo-001,92.00,,78027,,,,,364,486.36,,
2026-09-01,rayquaza-vmax-083,5749.00,,2513,,,,,47,80.00,,
2026-09-01,rockets-giovanni-270,78.00,,3253,,,,,,,,
2026-09-01,rockets-mewtwo-ex-125,601.00,,12224,,,,,,,,
2026-09-01,rockets-mewtwo-ex-237,211.00,,20843,,,,,198,147.41,,
2026-09-01,tohoku-pikachu-260,235.00,,26866,,,,,135,428.54,,
2026-09-01,umbreon-ex-217,594.00,,80259,,,,,232,95.79,,
2026-09-01,umbreon-v-085,548.00,,12390,,,,,92,149.50,,
2026-09-02,arceus-vstar-262,211.00,,24822,,,,,53,113.53,,
2026-09-02,charizard-ex-134,427.00,,20182,,,,,92,193.33,,
2026-09-02,charizard-ex-201,600.00,,37967,,,,,84,214.29,,
2026-09-02,charizard-ex-349,387.00,,24694,,,,,85,184.36,,
2026-09-02,charizard-ex-sir-199,1410.00,,28497,,,,,,,,
2026-09-02,detective-pikachu-098,408.00,,49263,,,,,197,125.92,,
2026-09-02,eevee-art-755,334.00,,1421,,,,,47,315.38,,
2026-09-02,fukuoka-pikachu-289,203.00,,36319,,,,,256,270.24,,
2026-09-02,giratina-v-111,1857.00,,13648,,,,,80,204.50,,
2026-09-02,giratina-vstar-261,294.00,,30203,,,,,77,77.78,,
2026-09-02,hiroshima-pikachu-261,258.00,,27742,,,,,145,277.55,,
2026-09-02,mega-charizard-x-ex-110,980.00,,51323,,,,,230,152.24,,
2026-09-02,mega-darkrai-ex-114,304.00,,4144,,,,,55,123.90,,
2026-09-02,mega-dragonite-ex-246,285.00,,28966,,,,,200,89.00,,
2026-09-02,mega-gengar-ex-240,550.00,,36614,,,,,219,118.89,,
2026-09-02,mew-ex-347,823.00,,26663,,,,,64,234.65,,
2026-09-02,pikachu-chr-073,136.00,,33411,,,,,175,480.00,,
2026-09-02,pikachu-ex-234,343.00,,34209,,,,,331,167.55,,
2026-09-02,pikachu-ex-764,2091.00,,6892,,,,,98,295.71,,
2026-09-02,pikachu-grey-felt-hat-085,2747.00,,49949,,,,,,,,
2026-09-02,pikachu-mcdonalds-020,88.00,,289407,,,,,389,738.57,,
2026-09-02,pikachu-promo-208,356.00,,40390,,,,,172,375.00,,
2026-09-02,pikachu-promo-323,567.00,,15344,,,,,,,,
2026-09-02,pikachu-sv-promo-001,92.00,,78076,,,,,363,481.82,,
2026-09-02,rayquaza-vmax-083,5687.00,,2514,,,,,46,89.09,,
2026-09-02,rockets-giovanni-270,82.00,,3253,,,,,,,,
2026-09-02,rockets-mewtwo-ex-125,575.00,,12237,,,,,,,,
2026-09-02,rockets-mewtwo-ex-237,209.00,,20957,,,,,167,176.36,,
2026-09-02,tohoku-pikachu-260,234.00,,27110,,,,,134,427.14,,
2026-09-02,umbreon-ex-217,591.00,,80316,,,,,224,99.78,,
2026-09-02,umbreon-v-085,534.00,,12394,,,,,94,149.25,,
2026-09-03,arceus-vstar-262,220.00,,24836,,,,,56,125.00,,
2026-09-03,charizard-ex-134,424.00,,20195,,,,,90,203.70,,
2026-09-03,charizard-ex-201,589.00,,37992,,,,,88,266.60,,
2026-09-03,charizard-ex-349,390.00,,24712,,,,,88,181.48,,
2026-09-03,charizard-ex-sir-199,1414.00,,28509,,,,,,,,
2026-09-03,detective-pikachu-098,408.00,,49298,,,,,195,133.33,,
2026-09-03,eevee-art-755,332.00,,1448,,,,,48,439.99,,
2026-09-03,fukuoka-pikachu-289,204.00,,36750,,,,,254,263.24,,
2026-09-03,giratina-v-111,1940.00,,13652,,,,,80,198.00,,
2026-09-03,giratina-vstar-261,286.00,,30220,,,,,76,53.34,,
2026-09-03,hiroshima-pikachu-261,265.00,,28212,,,,,142,287.24,,
2026-09-03,mega-charizard-x-ex-110,979.00,,51454,,,,,249,117.33,,
2026-09-03,mega-darkrai-ex-114,303.00,,4332,,,,,58,129.45,,
2026-09-03,mega-dragonite-ex-246,290.00,,29088,,,,,195,111.11,,
2026-09-03,mega-gengar-ex-240,548.00,,36807,,,,,229,98.50,,
2026-09-03,mew-ex-347,815.00,,26677,,,,,68,220.93,,
2026-09-03,pikachu-chr-073,137.00,,33479,,,,,175,365.52,,
2026-09-03,pikachu-ex-234,344.00,,34367,,,,,317,163.17,,
2026-09-03,pikachu-ex-764,2045.00,,6928,,,,,102,285.71,,
2026-09-03,pikachu-grey-felt-hat-085,2720.00,,49957,,,,,,,,
2026-09-03,pikachu-mcdonalds-020,88.00,,289866,,,,,388,650.00,,
2026-09-03,pikachu-promo-208,348.00,,40434,,,,,171,375.00,,
2026-09-03,pikachu-promo-323,613.00,,15358,,,,,,,,
2026-09-03,pikachu-sv-promo-001,93.00,,78195,,,,,382,472.73,,
2026-09-03,rayquaza-vmax-083,5743.00,,2516,,,,,47,86.18,,
2026-09-03,rockets-giovanni-270,82.00,,3253,,,,,,,,
2026-09-03,rockets-mewtwo-ex-125,578.00,,12247,,,,,,,,
2026-09-03,rockets-mewtwo-ex-237,,,,,,,,176,176.52,,65.00
2026-09-03,tohoku-pikachu-260,228.00,,27305,,,,,138,421.43,,
2026-09-03,umbreon-ex-217,592.00,,80394,,,,,235,95.65,,
2026-09-03,umbreon-v-085,535.00,,12402,,,,,96,144.50,,
2026-09-04,arceus-vstar-262,219.00,,24849,,,,,55,119.38,,
2026-09-04,charizard-ex-134,435.00,,20220,,,,,95,199.33,,
2026-09-04,charizard-ex-201,593.00,,38026,,,,,85,110.00,,
2026-09-04,charizard-ex-349,384.00,,24735,,,,,89,245.45,,
2026-09-04,charizard-ex-sir-199,1405.00,,28517,,,,,,,,
2026-09-04,detective-pikachu-098,408.00,,49345,,,,,188,143.18,,
2026-09-04,eevee-art-755,336.00,,1465,,,,,48,420.00,,
2026-09-04,fukuoka-pikachu-289,199.00,,37231,,,,,242,255.42,,
2026-09-04,giratina-v-111,1935.00,,13660,,,,,74,195.00,,
2026-09-04,giratina-vstar-261,293.00,,30247,,,,,76,50.01,,
2026-09-04,hiroshima-pikachu-261,271.00,,28745,,,,,163,259.99,,
2026-09-04,mega-charizard-x-ex-110,960.00,,51612,,,,,241,112.00,,
2026-09-04,mega-darkrai-ex-114,305.00,,4546,,,,,59,152.67,,
2026-09-04,mega-dragonite-ex-246,288.00,,29292,,,,,212,105.56,,
2026-09-04,mega-gengar-ex-240,551.00,,37020,,,,,211,100.00,,
2026-09-04,mew-ex-347,812.00,,26711,,,,,65,225.58,,
2026-09-04,pikachu-chr-073,145.00,,33517,,,,,182,389.70,,
2026-09-04,pikachu-ex-234,345.00,,34583,,,,,315,212.14,,
2026-09-04,pikachu-ex-764,1970.00,,6989,,,,,101,299.57,,
2026-09-04,pikachu-grey-felt-hat-085,2678.00,,49970,,,,,,,,
2026-09-04,pikachu-mcdonalds-020,88.00,,290185,,,,,379,757.00,,
2026-09-04,pikachu-promo-208,349.00,,40503,,,,,166,385.00,,
2026-09-04,pikachu-promo-323,614.00,,15371,,,,,,,,
2026-09-04,pikachu-sv-promo-001,92.00,,78276,,,,,376,489.04,,
2026-09-04,rayquaza-vmax-083,5701.00,,2517,,,,,47,81.45,,
2026-09-04,rockets-giovanni-270,87.00,,3260,,,,,,,,
2026-09-04,rockets-mewtwo-ex-125,574.00,,12263,,,,,,,,
2026-09-04,rockets-mewtwo-ex-237,209.00,,21231,,,,,188,169.57,,
2026-09-04,tohoku-pikachu-260,224.00,,27577,,,,,142,379.99,,
2026-09-04,umbreon-ex-217,585.00,,80536,,,,,235,86.99,,
2026-09-04,umbreon-v-085,526.00,,12412,,,,,96,142.50,,
2026-09-05,arceus-vstar-262,214.00,,24857,,,,,57,115.62,,
2026-09-05,charizard-ex-134,417.00,,20229,,,,,103,203.45,,
2026-09-05,charizard-ex-201,585.00,,38041,,,,,85,110.00,,
2026-09-05,charizard-ex-349,384.00,,24745,,,,,96,178.52,,
2026-09-05,charizard-ex-sir-199,1414.00,,28521,,,,,,,,
2026-09-05,detective-pikachu-098,400.00,,49372,,,,,191,140.91,,
2026-09-05,eevee-art-755,344.00,,1473,,,,,49,395.00,,
2026-09-05,fukuoka-pikachu-289,198.00,,37600,,,,,282,243.25,,
2026-09-05,giratina-v-111,1892.00,,13665,,,,,74,205.00,,
2026-09-05,giratina-vstar-261,298.00,,30260,,,,,78,66.67,,
2026-09-05,hiroshima-pikachu-261,264.00,,29025,,,,,162,273.68,,
2026-09-05,mega-charizard-x-ex-110,927.00,,51680,,,,,254,107.14,,
2026-09-05,mega-darkrai-ex-114,293.00,,4684,,,,,49,146.12,,
2026-09-05,mega-dragonite-ex-246,286.00,,29405,,,,,203,105.00,,
2026-09-05,mega-gengar-ex-240,537.00,,37105,,,,,232,117.14,,
2026-09-05,mew-ex-347,809.00,,26732,,,,,69,225.58,,
2026-09-05,pikachu-chr-073,143.00,,33611,,,,,184,439.08,,
2026-09-05,pikachu-ex-234,342.00,,34696,,,,,324,210.25,,
2026-09-05,pikachu-ex-764,1898.00,,7055,,,,,100,292.86,,
2026-09-05,pikachu-grey-felt-hat-085,2712.00,,49977,,,,,,,,
2026-09-05,pikachu-mcdonalds-020,88.00,,290535,,,,,384,314.29,,
2026-09-05,pikachu-promo-208,344.00,,40543,,,,,177,359.00,,
2026-09-05,pikachu-promo-323,602.00,,15387,,,,,,,,
2026-09-05,pikachu-sv-promo-001,95.00,,78311,,,,,386,380.19,,
2026-09-05,rayquaza-vmax-083,5724.00,,2517,,,,,43,81.82,,
2026-09-05,rockets-giovanni-270,83.00,,3260,,,,,,,,
2026-09-05,rockets-mewtwo-ex-125,577.00,,12276,,,,,,,,
2026-09-05,rockets-mewtwo-ex-237,207.00,,21320,,,,,203,165.45,,
2026-09-05,tohoku-pikachu-260,220.00,,27715,,,,,165,377.33,,
2026-09-05,umbreon-ex-217,,,,,,,,243,89.36,,67.50
2026-09-05,umbreon-v-085,518.00,,12415,,,,,94,147.00,,
2026-09-06,arceus-vstar-262,214.00,,24857,,,,,52,177.71,,
2026-09-06,charizard-ex-134,421.00,,20232,,,,,105,193.10,,
2026-09-06,charizard-ex-201,595.00,,38049,,,,,91,110.00,,
2026-09-06,charizard-ex-349,386.00,,24748,,,,,97,174.44,,
2026-09-06,charizard-ex-sir-199,1411.00,,28522,,,,,,,,
2026-09-06,detective-pikachu-098,402.00,,49379,,,,,194,138.64,,
2026-09-06,eevee-art-755,349.00,,1474,,,,,50,272.31,,
2026-09-06,fukuoka-pikachu-289,198.00,,37649,,,,,266,243.25,,
2026-09-06,giratina-v-111,1910.00,,13666,,,,,76,252.27,,
2026-09-06,giratina-vstar-261,298.00,,30263,,,,,77,66.67,,
2026-09-06,hiroshima-pikachu-261,258.00,,29059,,,,,152,252.04,,
2026-09-06,mega-charizard-x-ex-110,933.00,,51710,,,,,262,106.85,,
2026-09-06,mega-darkrai-ex-114,293.00,,4758,,,,,47,181.14,,
2026-09-06,mega-dragonite-ex-246,276.00,,29433,,,,,211,150.57,,
2026-09-06,mega-gengar-ex-240,541.00,,37150,,,,,248,87.20,,
2026-09-06,mew-ex-347,,,26734,,,,,74,220.93,,
2026-09-06,pikachu-chr-073,142.00,,33622,,,,,185,425.11,,
2026-09-06,pikachu-ex-234,334.00,,34732,,,,,335,200.19,,
2026-09-06,pikachu-ex-764,1866.00,,7070,,,,,104,271.43,,
2026-09-06,pikachu-grey-felt-hat-085,2716.00,,49979,,,,,,,,
2026-09-06,pikachu-mcdonalds-020,89.00,,290548,,,,,378,293.43,,
2026-09-06,pikachu-promo-208,338.00,,40549,,,,,179,354.80,,
2026-09-06,pikachu-promo-323,608.00,,15390,,,,,,,,
2026-09-06,pikachu-sv-promo-001,,,,,,,,381,400.20,,42.50
2026-09-06,rayquaza-vmax-083,5743.00,,2517,,,,,40,81.82,,
2026-09-06,rockets-giovanni-270,84.00,,3260,,,,,,,,
2026-09-06,rockets-mewtwo-ex-125,573.00,,12281,,,,,,,,
2026-09-06,rockets-mewtwo-ex-237,205.00,,21338,,,,,215,152.52,,
2026-09-06,tohoku-pikachu-260,205.00,,27755,,,,,167,399.71,,
2026-09-06,umbreon-ex-217,588.00,,80603,,,,,256,102.33,,
2026-09-06,umbreon-v-085,519.00,,12417,,,,,96,145.00,,
2026-09-07,arceus-vstar-262,218.00,,24858,,,,,54,105.88,,
2026-09-07,charizard-ex-134,433.00,,20236,,,,,108,186.12,,
2026-09-07,charizard-ex-201,600.00,,38050,,,,,89,114.00,,
2026-09-07,charizard-ex-349,385.00,,24752,,,,,90,175.93,,
2026-09-07,charizard-ex-sir-199,1407.00,,28522,,,,,,,,
2026-09-07,detective-pikachu-098,401.00,,49392,,,,,189,152.38,,
2026-09-07,eevee-art-755,343.00,,1482,,,,,51,269.23,,
2026-09-07,fukuoka-pikachu-289,196.00,,37700,,,,,257,178.57,,
2026-09-07,giratina-v-111,1913.00,,13668,,,,,83,240.91,,
2026-09-07,giratina-vstar-261,304.00,,30266,,,,,79,51.72,,
2026-09-07,hiroshima-pikachu-261,258.00,,29289,,,,,149,255.67,,
2026-09-07,mega-charizard-x-ex-110,947.00,,51737,,,,,258,105.48,,
2026-09-07,mega-darkrai-ex-114,299.00,,4815,,,,,47,183.77,,
2026-09-07,mega-dragonite-ex-246,282.00,,29503,,,,,210,97.22,,
2026-09-07,mega-gengar-ex-240,549.00,,37218,,,,,254,82.05,,
2026-09-07,mew-ex-347,812.00,,26739,,,,,74,213.95,,
2026-09-07,pikachu-chr-073,147.00,,33628,,,,,179,463.99,,
2026-09-07,pikachu-ex-234,337.00,,34828,,,,,345,191.19,,
2026-09-07,pikachu-ex-764,1883.00,,7088,,,,,105,271.43,,
2026-09-07,pikachu-grey-felt-hat-085,2693.00,,49981,,,,,,,,
2026-09-07,pikachu-mcdonalds-020,89.00,,290843,,,,,368,309.70,,
2026-09-07,pikachu-promo-208,341.00,,40558,,,,,175,344.00,,
2026-09-07,pikachu-promo-323,569.00,,15394,,,,,,,,
2026-09-07,pikachu-sv-promo-001,92.00,,78333,,,,,374,416.17,,
2026-09-07,rayquaza-vmax-083,5777.00,,2517,,,,,39,81.82,,
2026-09-07,rockets-giovanni-270,85.00,,3261,,,,,,,,
2026-09-07,rockets-mewtwo-ex-125,563.00,,12283,,,,,,,,
2026-09-07,rockets-mewtwo-ex-237,204.00,,21367,,,,,219,137.39,,
2026-09-07,tohoku-pikachu-260,203.00,,27785,,,,,167,369.33,,
2026-09-07,umbreon-ex-217,590.00,,80619,,,,,266,84.57,,
2026-09-07,umbreon-v-085,517.00,,12419,,,,,101,142.50,,
2026-09-08,arceus-vstar-262,202.00,,24863,,,,,54,111.76,,
2026-09-08,charizard-ex-134,425.00,,20246,,,,,110,200.01,,
2026-09-08,charizard-ex-201,597.00,,38074,,,,,96,109.96,,
2026-09-08,charizard-ex-349,384.00,,24762,,,,,99,236.36,,
2026-09-08,charizard-ex-sir-199,1408.00,,28522,,,,,,,,
2026-09-08,detective-pikachu-098,407.00,,49415,,,,,198,151.43,,
2026-09-08,eevee-art-755,336.00,,1493,,,,,52,268.31,,
2026-09-08,fukuoka-pikachu-289,190.00,,37867,,,,,248,192.12,,
2026-09-08,giratina-v-111,1916.00,,13671,,,,,87,239.20,,
2026-09-08,giratina-vstar-261,302.00,,30273,,,,,80,62.07,,
2026-09-08,hiroshima-pikachu-261,254.00,,29504,,,,,185,195.45,,
2026-09-08,mega-charizard-x-ex-110,925.00,,51827,,,,,272,102.76,,
2026-09-08,mega-darkrai-ex-114,291.00,,4997,,,,,46,203.22,,
2026-09-08,mega-dragonite-ex-246,280.00,,29597,,,,,197,94.44,,
2026-09-08,mega-gengar-ex-240,541.00,,37343,13.50,,,,265,77.38,-6.26,47.19
2026-09-08,mew-ex-347,817.00,,26751,,,,,76,213.49,,
2026-09-08,pikachu-chr-073,149.00,,33658,,,,,179,299.98,,
2026-09-08,pikachu-ex-234,334.00,,34929,,,,,354,179.54,,
2026-09-08,pikachu-ex-764,1761.00,,7124,,,,,110,257.14,,
2026-09-08,pikachu-grey-felt-hat-085,2728.00,,49988,,,,,,,,
2026-09-08,pikachu-mcdonalds-020,87.00,,290944,,,,,367,321.65,,
2026-09-08,pikachu-promo-208,331.00,,40590,,,,,186,325.00,,
2026-09-08,pikachu-promo-323,568.00,,15401,,,,,,,,
2026-09-08,pikachu-sv-promo-001,92.00,,78401,,,,,381,440.05,,
2026-09-08,rayquaza-vmax-083,5774.00,,2517,,,,,41,80.91,,
2026-09-08,rockets-giovanni-270,85.00,,3261,,,,,,,,
2026-09-08,rockets-mewtwo-ex-125,559.00,,12285,,,,,,,,
2026-09-08,rockets-mewtwo-ex-237,204.00,,21426,,,,,220,136.18,,
2026-09-08,tohoku-pikachu-260,203.00,,27899,,,,,173,364.29,,
2026-09-08,umbreon-ex-217,586.00,,80670,2.53,,,,263,82.61,-19.88,40.00
2026-09-08,umbreon-v-085,518.00,,12425,,,,,103,137.50,,
2026-09-09,arceus-vstar-262,203.00,,24879,,,,,54,179.23,,
2026-09-09,charizard-ex-134,430.00,,20261,,,,,114,207.84,,
2026-09-09,charizard-ex-201,583.00,,38105,,,,,102,106.00,,
2026-09-09,charizard-ex-349,388.00,,24777,,,,,104,168.52,,
2026-09-09,charizard-ex-sir-199,1426.00,,28529,,,,,,,,
2026-09-09,detective-pikachu-098,402.00,,49468,,,,,202,137.14,,
2026-09-09,eevee-art-755,310.00,,1525,,,,,51,335.26,,
2026-09-09,fukuoka-pikachu-289,188.00,,38483,,,,,263,180.90,,
2026-09-09,giratina-v-111,1965.00,,13676,,,,,88,229.55,,
2026-09-09,giratina-vstar-261,304.00,,30291,,,,,80,56.66,,
2026-09-09,hiroshima-pikachu-261,252.00,,30102,,,,,164,219.60,,
2026-09-09,mega-charizard-x-ex-110,967.00,,51984,,,,,277,86.21,,
2026-09-09,mega-darkrai-ex-114,283.00,,5255,126.31,,,,43,152.78,-1.88,49.06
2026-09-09,mega-dragonite-ex-246,281.00,,29773,16.33,,,,199,87.78,-8.45,37.81
2026-09-09,mega-gengar-ex-240,536.00,,37589,13.96,,,,267,85.71,-6.45,44.69
2026-09-09,mew-ex-347,809.00,,26784,,,,,79,201.16,,
2026-09-09,pikachu-chr-073,147.00,,33717,,,,,175,277.78,,
2026-09-09,pikachu-ex-234,332.00,,35178,15.23,,,,353,162.60,-13.00,20.94
2026-09-09,pikachu-ex-764,1769.00,,7163,,,,,115,255.40,,
2026-09-09,pikachu-grey-felt-hat-085,2730.00,,49998,,,,,,,,
2026-09-09,pikachu-mcdonalds-020,87.00,,291302,,,,,381,307.99,,
2026-09-09,pikachu-promo-208,331.00,,40654,,,,,190,250.00,,
2026-09-09,pikachu-promo-323,565.00,,15418,,,,,,,,
2026-09-09,pikachu-sv-promo-001,92.00,,78502,,,,,392,467.06,,
2026-09-09,rayquaza-vmax-083,5552.00,,2517,,,,,38,81.82,,
2026-09-09,rockets-giovanni-270,85.00,,3261,,,,,,,,
2026-09-09,rockets-mewtwo-ex-125,545.00,,12306,,,,,,,,
2026-09-09,rockets-mewtwo-ex-237,198.00,,21587,18.87,,,,214,182.22,-6.97,32.19
2026-09-09,tohoku-pikachu-260,205.00,,28123,,,,,181,357.14,,
2026-09-09,umbreon-ex-217,581.00,,80755,2.61,,,,256,76.09,-16.43,42.50
2026-09-09,umbreon-v-085,513.00,,12433,,,,,106,132.50,,
2026-09-10,arceus-vstar-262,196.00,,24894,2.28,,,,58,173.08,-31.12,33.12
2026-09-10,charizard-ex-134,434.00,,20276,2.24,,,,112,215.05,30.80,77.81
2026-09-10,charizard-ex-201,586.00,,38124,1.80,,,,107,111.58,-38.87,39.69
2026-09-10,charizard-ex-349,395.00,,24802,2.00,,,,108,142.11,19.75,76.88
2026-09-10,charizard-ex-sir-199,1402.00,,28541,1.07,,,,,,-73.16,33.75
2026-09-10,detective-pikachu-098,397.00,,49539,,,,,205,141.95,,
2026-09-10,eevee-art-755,306.00,,1544,,,,,51,427.78,,
2026-09-10,fukuoka-pikachu-289,188.00,,39024,,,,,253,178.65,,
2026-09-10,giratina-v-111,1952.00,,13687,0.89,,,,88,221.59,31.90,80.00
2026-09-10,giratina-vstar-261,302.00,,30306,2.14,,,,83,55.01,-35.72,41.88
2026-09-10,hiroshima-pikachu-261,259.00,,30775,,,,,187,205.00,,
2026-09-10,mega-charizard-x-ex-110,943.00,,52129,6.11,,,,260,97.54,-15.56,35.62
2026-09-10,mega-darkrai-ex-114,280.00,,5466,135.40,,,,53,127.51,-1.81,46.56
2026-09-10,mega-dragonite-ex-246,279.00,,29942,16.99,,,,197,79.44,-8.48,37.19
2026-09-10,mega-gengar-ex-240,526.00,,37794,14.58,,,,243,96.36,-7.33,38.44
2026-09-10,mew-ex-347,829.00,,26809,2.15,,,,78,186.05,-6.64,54.38
2026-09-10,pikachu-chr-073,143.00,,33759,,,,,174,277.76,,
2026-09-10,pikachu-ex-234,330.00,,35382,15.90,,,,349,172.24,-12.76,17.81
2026-09-10,pikachu-ex-764,1775.00,,7221,17.99,,,,112,234.29,-11.73,28.44
2026-09-10,pikachu-grey-felt-hat-085,2782.00,,50014,4.27,,,,,,-0.59,75.00
2026-09-10,pikachu-mcdonalds-020,86.00,,291428,3.61,,,,381,292.59,0.00,72.81
2026-09-10,pikachu-promo-208,328.00,,40698,,,,,192,225.00,,
2026-09-10,pikachu-promo-323,591.00,,15426,,,,,,,,
2026-09-10,pikachu-sv-promo-001,92.00,,78593,5.18,,,,384,449.05,-22.27,29.38
2026-09-10,rayquaza-vmax-083,5517.00,,2518,0.96,,,,37,79.64,-169.33,46.56
2026-09-10,rockets-giovanni-270,84.00,,3261,1.53,,,,,,50.42,97.50
2026-09-10,rockets-mewtwo-ex-125,566.00,,12328,,,,,,,,
2026-09-10,rockets-mewtwo-ex-237,200.00,,21702,19.50,,,,209,174.44,-8.19,25.31
2026-09-10,tohoku-pikachu-260,212.00,,28681,,,,,173,335.71,,
2026-09-10,umbreon-ex-217,582.00,,80859,2.74,,,,260,77.85,-15.03,42.50
2026-09-10,umbreon-v-085,515.00,,12442,,,,,107,110.91,,
2026-09-11,arceus-vstar-262,,,,,,,,52,180.00,,55.00
2026-09-11,charizard-ex-134,433.00,,20286,2.19,,,,105,227.29,6.41,74.06
2026-09-11,charizard-ex-201,582.00,,38152,1.74,,,,108,102.67,-43.89,33.44
2026-09-11,charizard-ex-349,,,,,,,,103,142.11,,30.00
2026-09-11,charizard-ex-sir-199,1418.00,,28550,0.66,,,,,,-43.63,43.75
2026-09-11,detective-pikachu-098,404.00,,49575,2.18,,,,209,131.71,-47.84,30.00
2026-09-11,eevee-art-755,309.00,,1571,34.62,,,,51,290.00,-5.70,34.06
2026-09-11,fukuoka-pikachu-289,182.00,,39442,23.53,,,,239,190.42,-8.57,27.81
2026-09-11,giratina-v-111,1821.00,,13694,0.88,,,,90,206.82,-52.14,36.56
2026-09-11,giratina-vstar-261,300.00,,30325,1.42,,,,81,61.02,-58.23,44.69
2026-09-11,hiroshima-pikachu-261,251.00,,31763,36.80,,,,146,200.00,-5.31,39.69
2026-09-11,mega-charizard-x-ex-110,904.00,,52263,5.97,,,,258,105.52,-21.05,28.75
2026-09-11,mega-darkrai-ex-114,279.00,,5701,138.24,,,,60,123.40,-1.55,43.44
2026-09-11,mega-dragonite-ex-246,277.00,,30116,16.53,,,,187,120.00,-8.77,37.19
2026-09-11,mega-gengar-ex-240,521.00,,38001,14.25,,,,241,91.43,-8.00,35.31
2026-09-11,mew-ex-347,831.00,,26838,2.12,,,,76,172.09,-5.06,54.38
2026-09-11,pikachu-chr-073,141.00,,33799,4.52,,,,176,671.82,-11.87,47.50
2026-09-11,pikachu-ex-234,329.00,,35563,15.35,,,,352,166.13,-13.75,17.81
2026-09-11,pikachu-ex-764,1777.00,,7295,18.52,,,,109,235.71,-11.29,28.44
2026-09-11,pikachu-grey-felt-hat-085,2762.00,,50023,0.63,,,,,,12.13,92.50
2026-09-11,pikachu-mcdonalds-020,86.00,,291510,2.57,,,,375,318.81,-17.27,40.00
2026-09-11,pikachu-promo-208,320.00,,40743,2.87,,,,188,234.75,-23.36,33.75
2026-09-11,pikachu-promo-323,581.00,,15437,1.84,,,,,,-23.27,38.75
2026-09-11,pikachu-sv-promo-001,91.00,,78660,3.48,,,,395,531.31,-20.54,33.12
2026-09-11,rayquaza-vmax-083,5189.00,,2518,0.88,,,,37,79.64,-236.57,46.56
2026-09-11,rockets-giovanni-270,85.00,,3261,0.87,,,,,,13.75,92.50
2026-09-11,rockets-mewtwo-ex-125,565.00,,12351,,,,,,,,
2026-09-11,rockets-mewtwo-ex-237,201.00,,21851,18.69,,,,198,196.67,-7.55,28.44
2026-09-11,tohoku-pikachu-260,206.00,,28998,18.54,,,,180,327.14,-9.84,22.81
2026-09-11,umbreon-ex-217,581.00,,80962,2.72,,,,264,78.16,-14.58,42.50
2026-09-11,umbreon-v-085,498.00,,12447,1.40,,,,106,104.55,-11.28,50.94
2026-09-12,arceus-vstar-262,201.00,,24922,1.55,,,,54,139.99,-6.36,63.44
2026-09-12,charizard-ex-134,435.00,,20298,2.13,,,,104,216.28,-4.27,57.50
2026-09-12,charizard-ex-201,582.00,,38169,1.72,,,,112,101.14,-56.82,33.44
2026-09-12,charizard-ex-349,377.00,,24843,1.95,,,,99,128.07,-19.63,39.69
2026-09-12,detective-pikachu-098,395.00,,49599,2.13,,,,207,114.63,-64.61,32.50
2026-09-12,eevee-art-755,304.00,,1587,34.49,,,,54,266.66,-6.79,30.94
2026-09-12,fukuoka-pikachu-289,179.00,,39812,23.94,,,,257,161.39,-9.12,27.81
2026-09-12,giratina-v-111,1782.00,,13697,0.88,,,,92,201.14,-73.61,36.56
2026-09-12,giratina-vstar-261,293.00,,30335,1.40,,,,85,51.85,-53.93,44.69
2026-09-12,hiroshima-pikachu-261,244.00,,32124,36.56,,,,166,216.67,-5.68,34.06
2026-09-12,mega-charizard-x-ex-110,895.00,,52355,5.98,,,,262,99.41,-25.23,31.88
2026-09-12,mega-darkrai-ex-114,274.00,,5850,134.19,,,,79,105.00,-1.84,40.94
2026-09-12,mega-dragonite-ex-246,264.00,,30289,16.06,,,,188,128.43,-11.05,31.56
2026-09-12,mega-gengar-ex-240,517.00,,38102,13.83,,,,255,86.76,-8.63,38.44
2026-09-12,mew-ex-347,803.00,,26851,2.09,,,,73,152.33,-23.81,36.88
2026-09-12,pikachu-chr-073,139.00,,33848,4.45,,,,178,251.11,-10.78,47.50
2026-09-12,pikachu-ex-234,325.00,,35704,14.95,,,,354,124.44,-14.25,20.94
2026-09-12,pikachu-ex-764,,,,,,,,115,225.71,,30.00
2026-09-12,pikachu-grey-felt-hat-085,2809.00,,50035,0.64,,,,,,0.56,92.50
2026-09-12,pikachu-mcdonalds-020,87.00,,291739,2.58,,,,384,240.91,-4.40,60.62
2026-09-12,pikachu-promo-208,315.00,,40795,2.86,,,,186,216.67,-33.17,33.12
2026-09-12,pikachu-promo-323,573.00,,15444,1.77,,,,,,-28.95,38.75
2026-09-12,pikachu-sv-promo-001,95.00,,78740,3.45,,,,400,375.39,-14.48,36.88
2026-09-12,rayquaza-vmax-083,5161.00,,2518,0.88,,,,37,79.64,-250.45,46.56
2026-09-12,rockets-giovanni-270,86.00,,3261,0.83,,,,,,28.52,92.50
2026-09-12,rockets-mewtwo-ex-125,554.00,,12361,,,,,,,,
2026-09-12,rockets-mewtwo-ex-237,195.00,,22021,18.26,,,,200,156.67,-8.93,31.56
2026-09-12,tohoku-pikachu-260,206.00,,29117,18.51,,,,216,329.23,-11.87,22.81
2026-09-12,umbreon-ex-217,579.00,,81013,2.66,,,,274,68.51,-344.39,35.00
2026-09-12,umbreon-v-085,498.00,,12453,1.36,,,,107,112.50,-22.90,39.69
2026-09-13,arceus-vstar-262,200.00,,24933,1.50,,,,50,138.67,-25.60,42.81
2026-09-13,charizard-ex-134,428.00,,20300,2.02,,,,103,218.74,-3.45,60.62
2026-09-13,charizard-ex-201,590.00,,38182,1.67,,,,114,89.51,-44.05,36.56
2026-09-13,charizard-ex-349,377.00,,24849,1.88,,,,101,137.54,-19.07,39.69
2026-09-13,charizard-ex-sir-199,1392.00,,28561,0.64,,,,,,-80.28,38.75
2026-09-13,detective-pikachu-098,387.00,,49616,2.16,,,,206,114.36,-71.63,32.50
2026-09-13,eevee-art-755,237.00,,1595,33.70,,,,51,320.00,-8.10,24.69
2026-09-13,fukuoka-pikachu-289,179.00,,39884,23.00,,,,234,172.64,-9.34,30.31
2026-09-13,giratina-v-111,1798.00,,13698,0.88,,,,92,195.45,-65.23,36.56
2026-09-13,giratina-vstar-261,291.00,,30349,1.36,,,,82,63.10,-60.49,44.69
2026-09-13,hiroshima-pikachu-261,246.00,,32249,35.57,,,,177,214.44,-5.80,30.94
2026-09-13,mega-charizard-x-ex-110,,,,,,,,277,92.42,,67.50
2026-09-13,mega-darkrai-ex-114,271.00,,5892,130.70,,,,75,88.89,-1.91,44.06
2026-09-13,mega-dragonite-ex-246,265.00,,30339,16.25,,,,185,78.29,-10.73,42.81
2026-09-13,mega-gengar-ex-240,508.00,,38158,13.31,,,,252,79.12,-9.10,37.19
2026-09-13,mew-ex-347,793.00,,26857,2.04,,,,67,132.56,-29.07,40.00
2026-09-13,pikachu-chr-073,140.00,,33902,4.37,,,,177,305.13,-13.81,40.00
2026-09-13,pikachu-ex-234,325.00,,35745,14.15,,,,347,120.51,-15.33,20.94
2026-09-13,pikachu-ex-764,1769.00,,7371,18.01,,,,104,207.14,-12.00,31.56
2026-09-13,pikachu-grey-felt-hat-085,2789.00,,50038,0.64,,,,,,-3.34,66.25
2026-09-13,pikachu-mcdonalds-020,87.00,,291905,2.51,,,,450,256.67,-8.97,45.00
2026-09-13,pikachu-promo-208,318.00,,40808,2.80,,,,191,260.00,-34.51,33.12
2026-09-13,pikachu-promo-323,570.00,,15448,1.74,,,,,,-24.17,38.75
2026-09-13,pikachu-sv-promo-001,93.00,,78789,3.52,,,,398,300.12,-19.89,33.12
2026-09-13,rayquaza-vmax-083,5124.00,,2519,0.88,,,,40,76.36,-256.75,44.06
2026-09-13,rockets-giovanni-270,86.00,,3261,0.83,,,,,,-53.23,38.75
2026-09-13,rockets-mewtwo-ex-125,548.00,,12363,,,,,,,,
2026-09-13,rockets-mewtwo-ex-237,200.00,,22057,16.94,,,,213,155.56,-7.92,31.56
2026-09-13,tohoku-pikachu-260,212.00,,29152,17.58,,,,213,292.86,-9.78,22.81
2026-09-13,umbreon-ex-217,557.00,,81038,2.53,,,,272,66.67,-362.31,38.12
2026-09-13,umbreon-v-085,501.00,,12456,1.29,,,,106,180.00,-16.62,40.31
2026-09-14,arceus-vstar-262,199.00,,24938,1.49,,,,53,121.47,-32.21,42.81
2026-09-14,charizard-ex-134,420.00,,20305,2.00,,,,101,208.00,-16.13,42.81
2026-09-14,charizard-ex-201,591.00,,38185,1.64,,,,120,79.69,-49.40,39.06
2026-09-14,charizard-ex-349,369.00,,24851,1.86,,,,108,131.23,-31.53,36.56
2026-09-14,charizard-ex-sir-199,1417.00,,28562,0.61,,,,,,-66.28,38.75
2026-09-14,detective-pikachu-098,377.00,,49623,1.98,,,,200,123.05,-79.05,32.19
2026-09-14,eevee-art-755,237.00,,1604,34.45,,,,54,305.00,-7.92,24.69
2026-09-14,fukuoka-pikachu-289,176.00,,40000,22.87,,,,238,152.04,-9.97,27.81
2026-09-14,giratina-v-111,1773.00,,13700,0.88,,,,88,189.77,-118.80,35.94
2026-09-14,giratina-vstar-261,292.00,,30355,1.34,,,,79,60.78,-54.68,47.81
2026-09-14,hiroshima-pikachu-261,219.00,,32404,35.40,,,,172,213.37,-8.10,21.56
2026-09-14,mega-charizard-x-ex-110,884.00,,52440,5.69,,,,269,85.94,-23.30,31.88
2026-09-14,mega-darkrai-ex-114,256.00,,5979,127.17,,,,78,76.67,-2.22,46.56
2026-09-14,mega-dragonite-ex-246,259.00,,30402,15.01,,,,184,88.24,-13.04,32.81
2026-09-14,mega-gengar-ex-240,503.00,,38215,13.10,,,,242,81.95,-10.70,37.81
2026-09-14,mew-ex-347,790.00,,26861,2.00,,,,68,151.16,-32.52,42.81
2026-09-14,pikachu-chr-073,141.00,,33920,4.28,,,,167,357.14,-9.53,47.50
2026-09-14,pikachu-ex-234,320.00,,35815,13.90,,,,327,129.38,-16.60,24.06
2026-09-14,pikachu-ex-764,1741.00,,7425,18.44,,,,107,204.35,-12.40,20.94
2026-09-14,pikachu-grey-felt-hat-085,2776.00,,50039,0.60,,,,,,-29.33,43.75
2026-09-14,pikachu-mcdonalds-020,86.00,,291939,2.28,,,,371,276.67,-9.97,48.12
2026-09-14,pikachu-promo-208,314.00,,40827,2.78,,,,188,245.00,-27.46,33.12
2026-09-14,pikachu-promo-323,555.00,,15448,1.70,,,,,,-46.87,33.75
2026-09-14,pikachu-sv-promo-001,91.00,,78802,3.25,,,,393,352.18,-24.83,33.12
2026-09-14,rayquaza-vmax-083,5071.00,,2520,0.88,,,,39,69.64,-272.98,44.06
2026-09-14,rockets-giovanni-270,87.00,,3261,0.83,,,,,,-26.92,43.75
2026-09-14,rockets-mewtwo-ex-125,555.00,,12372,,,,,,,,
2026-09-14,rockets-mewtwo-ex-237,192.00,,22110,16.58,,,,204,166.66,-10.40,31.56
2026-09-14,tohoku-pikachu-260,210.00,,29243,17.63,,,,193,272.00,-10.73,25.31
2026-09-14,umbreon-ex-217,550.00,,81062,2.48,,,,269,62.35,-370.05,38.12
2026-09-14,umbreon-v-085,487.00,,12458,1.27,,,,101,166.67,-35.56,42.81
2026-09-15,arceus-vstar-262,203.00,,24954,1.55,,,,52,144.44,-24.52,42.81
2026-09-15,charizard-ex-134,419.00,,20320,2.07,,,,94,206.82,-5.68,63.12
2026-09-15,charizard-ex-201,,,,,,,,119,76.74,,65.00
2026-09-15,charizard-ex-349,370.00,,24869,1.93,,,,102,133.93,-22.75,39.69
2026-09-15,charizard-ex-sir-199,1424.00,,28570,0.64,,,,,,-55.97,38.75
2026-09-15,detective-pikachu-098,377.00,,49662,2.06,,,,196,123.16,-75.05,32.50
2026-09-15,eevee-art-755,233.00,,1642,36.04,,,,53,300.00,-9.64,24.69
2026-09-15,fukuoka-pikachu-289,170.00,,40291,23.74,,,,239,208.79,-10.44,27.81
2026-09-15,giratina-v-111,1804.00,,13708,0.93,,,,88,164.77,-86.30,35.94
2026-09-15,giratina-vstar-261,292.00,,30368,1.38,,,,81,60.34,-53.09,44.69
2026-09-15,hiroshima-pikachu-261,220.00,,32730,36.73,,,,169,188.41,-7.90,27.81
2026-09-15,mega-charizard-x-ex-110,869.00,,52590,5.97,,,,255,104.91,-26.17,31.88
2026-09-15,mega-darkrai-ex-114,261.00,,6242,137.07,,,,55,123.33,-2.05,40.31
2026-09-15,mega-dragonite-ex-246,259.00,,30556,15.53,,,,175,108.48,-11.61,37.19
2026-09-15,mega-gengar-ex-240,510.00,,38435,13.71,,,,232,86.76,-9.02,40.31
2026-09-15,mega-rayquaza-ex-110,738.00,,668,,,,,,,,
2026-09-15,mew-ex-347,,,,,,,,66,140.70,,65.00
2026-09-15,pikachu-chr-073,134.00,,33987,4.49,,,,167,333.08,-21.07,36.25
2026-09-15,pikachu-ex-234,301.00,,36018,14.48,,,,323,109.52,-17.61,27.19
2026-09-15,pikachu-ex-764,1700.00,,7509,19.72,,,,97,300.00,-13.34,26.56
2026-09-15,pikachu-grey-felt-hat-085,2780.00,,50054,0.63,,,,,,-15.19,43.75
2026-09-15,pikachu-mcdonalds-020,86.00,,292378,2.43,,,,386,445.00,-4.73,57.50
2026-09-15,pikachu-promo-208,322.00,,40879,2.91,,,,186,229.80,-31.03,36.25
2026-09-15,pikachu-sv-promo-001,94.00,,78861,3.33,,,,378,354.18,0.00,72.81
2026-09-15,rayquaza-vmax-083,5125.00,,2522,0.96,,,,44,63.64,-252.44,40.94
2026-09-15,rockets-giovanni-270,88.00,,3262,0.87,,,,,,-12.98,43.75
2026-09-15,rockets-mewtwo-ex-125,523.00,,12387,,,,,,,,
2026-09-15,rockets-mewtwo-ex-237,192.00,,22235,17.19,,,,199,165.56,-9.82,31.56
2026-09-15,tohoku-pikachu-260,206.00,,29434,18.37,,,,189,260.00,-11.31,28.44
2026-09-15,umbreon-ex-217,531.00,,81157,2.60,,,,266,56.98,-354.05,38.12
2026-09-15,umbreon-v-085,484.00,,12468,1.34,,,,100,150.00,-44.88,42.81
2026-09-16,arceus-vstar-262,201.00,,24969,1.57,,,,56,137.03,-15.42,43.44
2026-09-16,charizard-ex-134,405.00,,20331,2.07,,,,95,196.60,-20.52,42.50
2026-09-16,charizard-ex-201,571.00,,38242,1.73,,,,119,60.71,-74.28,37.81
2026-09-16,charizard-ex-349,373.00,,24893,1.98,,,,105,204.76,-18.28,39.69
2026-09-16,charizard-ex-sir-199,1411.00,,28583,0.69,,,,,,-40.13,43.75
2026-09-16,detective-pikachu-098,374.00,,49709,2.14,,,,193,122.11,-78.88,32.50
2026-09-16,eevee-art-755,221.00,,1661,36.37,,,,51,300.00,-6.97,37.19
2026-09-16,fukuoka-pikachu-289,164.00,,40588,24.10,,,,221,163.18,-11.51,30.31
2026-09-16,giratina-v-111,1795.00,,13717,0.96,,,,85,178.41,-83.41,39.06
2026-09-16,giratina-vstar-261,293.00,,30400,1.47,,,,85,58.28,-43.51,48.44
2026-09-16,hiroshima-pikachu-261,222.00,,33203,38.31,,,,166,166.69,-7.82,24.69
2026-09-16,mega-charizard-x-ex-110,,,,,,,,251,103.31,,67.50
2026-09-16,mega-darkrai-ex-114,253.00,,6442,144.20,,,,53,113.33,-1.95,43.44
2026-09-16,mega-dragonite-ex-246,257.00,,30712,15.56,,,,186,98.79,-12.33,30.31
2026-09-16,mega-gengar-ex-240,510.00,,38600,13.83,,,,239,87.27,-8.28,44.06
2026-09-16,mega-rayquaza-ex-110,721.00,,736,,,,,,,,
2026-09-16,mew-ex-347,790.00,,26905,2.11,,,,67,155.81,-30.27,42.50
2026-09-16,pikachu-chr-073,131.00,,34064,4.56,,,,170,310.26,-36.28,32.50
2026-09-16,pikachu-ex-234,303.00,,36182,14.54,,,,333,94.55,-17.70,30.31
2026-09-16,pikachu-ex-764,1706.00,,7577,20.58,,,,98,300.00,-12.89,22.81
2026-09-16,pikachu-grey-felt-hat-085,2733.00,,50077,0.68,,,,,,-48.93,38.75
2026-09-16,pikachu-mcdonalds-020,85.00,,292677,2.45,,,,379,259.97,-9.37,51.25
2026-09-16,pikachu-promo-208,315.00,,40915,2.93,,,,184,214.80,-26.91,36.25
2026-09-16,pikachu-sv-promo-001,96.00,,78926,3.33,,,,373,360.18,0.00,72.81
2026-09-16,rayquaza-vmax-083,5068.00,,2524,1.04,,,,45,54.55,-232.18,37.81
2026-09-16,rockets-giovanni-270,88.00,,3263,0.87,,,,,,-73.75,38.75
2026-09-16,rockets-mewtwo-ex-125,524.00,,12402,,,,,,,,
2026-09-16,rockets-mewtwo-ex-237,193.00,,22367,17.17,,,,196,163.33,-9.15,31.56
2026-09-16,tohoku-pikachu-260,206.00,,29574,18.58,,,,188,284.29,-11.51,28.44
2026-09-16,umbreon-ex-217,532.00,,81233,2.63,,,,259,44.83,-350.38,38.12
2026-09-16,umbreon-v-085,483.00,,12473,1.37,,,,98,156.67,-42.83,42.81
2026-09-17,arceus-vstar-262,198.00,,24992,1.59,,,,58,129.99,-60.49,39.06
2026-09-17,charizard-ex-134,407.00,,20342,2.05,,,,97,219.50,-30.40,42.50
2026-09-17,charizard-ex-201,,,,,,,,110,68.94,,77.50
2026-09-17,charizard-ex-349,369.00,,24908,1.94,,,,103,202.38,-39.95,39.06
2026-09-17,charizard-ex-sir-199,1420.00,,28595,0.70,,,,,,-64.29,38.75
2026-09-17,detective-pikachu-098,,,,,,,,189,120.52,,55.00
2026-09-17,eevee-art-755,219.00,,1691,37.15,,,,51,298.00,-7.53,27.81
2026-09-17,fukuoka-pikachu-289,165.00,,41015,24.57,,,,249,169.31,-11.38,27.81
2026-09-17,giratina-v-111,,,,,,,,87,172.73,,55.00
2026-09-17,giratina-vstar-261,299.00,,30419,1.46,,,,90,51.72,-44.82,48.44
2026-09-17,hiroshima-pikachu-261,,,,,,,,184,188.92,,55.00
2026-09-17,mega-charizard-x-ex-110,852.00,,52857,6.21,,,,249,112.40,-27.18,31.88
2026-09-17,mega-darkrai-ex-114,,,,,,,,53,113.33,,67.50
2026-09-17,mega-dragonite-ex-246,,,,,,,,177,119.23,,77.50
2026-09-17,mega-gengar-ex-240,,,,,,,,239,82.35,,80.00
2026-09-17,mega-rayquaza-ex-110,726.00,,830,,,,,,,,
2026-09-17,mew-ex-347,799.00,,26934,2.14,,,,67,146.51,-24.36,42.50
2026-09-17,pikachu-chr-073,,,,,,,,172,305.13,,55.00
2026-09-17,pikachu-ex-234,303.00,,36406,14.63,,,,334,90.91,-18.21,30.31
2026-09-17,pikachu-ex-764,1693.00,,7635,20.86,,,,101,162.50,-11.82,27.81
2026-09-17,pikachu-mcdonalds-020,,,,,,,,396,266.90,,42.50
2026-09-17,pikachu-promo-208,,,,,,,,169,293.00,,65.00
2026-09-17,pikachu-sv-promo-001,91.00,,79059,3.38,,,,379,344.98,-21.15,36.25
2026-09-17,rayquaza-vmax-083,,,,,,,,42,50.91,,65.00
2026-09-17,rockets-giovanni-270,88.00,,3265,0.83,,,,,,-76.55,38.75
2026-09-17,rockets-mewtwo-ex-125,523.00,,12413,,,,,,,,
2026-09-17,rockets-mewtwo-ex-237,,,,,,,,204,160.00,,55.00
2026-09-17,tohoku-pikachu-260,208.00,,29755,18.86,,,,205,262.86,-12.33,17.81
2026-09-17,umbreon-ex-217,528.00,,81311,2.62,,,,247,69.77,-351.61,41.25
2026-09-17,umbreon-v-085,482.00,,12478,1.32,,,,92,160.00,-118.88,37.81
2026-09-18,arceus-vstar-262,196.00,,25005,1.55,,,,56,127.69,-19.15,43.44
2026-09-18,charizard-ex-134,377.00,,20356,2.04,,,,93,259.00,-68.43,35.00
2026-09-18,charizard-ex-201,,,,,,,,107,78.91,,90.00
2026-09-18,charizard-ex-349,,,,,,,,98,146.15,,55.00
2026-09-18,charizard-ex-sir-199,1426.00,,28603,0.70,,,,,,-39.14,43.75
2026-09-18,detective-pikachu-098,,,,,,,,183,122.63,,65.00
2026-09-18,eevee-art-755,,,,,,,,50,294.00,,55.00
2026-09-18,fukuoka-pikachu-289,162.00,,41445,24.57,,,,263,166.80,-11.27,21.56
2026-09-18,giratina-v-111,,,,,,,,82,184.09,,55.00
2026-09-18,giratina-vstar-261,,,,,,,,90,50.34,,65.00
2026-09-18,hiroshima-pikachu-261,,,,,,,,193,188.69,,20.00
2026-09-18,mega-charizard-x-ex-110,,,,,,,,252,114.05,,67.50
2026-09-18,mega-darkrai-ex-114,251.00,,6909,147.10,,,,51,104.38,-1.70,52.19
2026-09-18,mega-dragonite-ex-246,,,,,,,,176,142.71,,55.00
2026-09-18,mega-gengar-ex-240,478.00,,38926,13.20,,,,240,79.41,-12.67,32.81
2026-09-18,mew-ex-347,,,,,,,,62,158.14,,65.00
2026-09-18,pikachu-chr-073,,,,,,,,174,297.44,,55.00
2026-09-18,pikachu-ex-234,299.00,,36545,14.17,,,,316,98.62,-19.23,32.81
2026-09-18,pikachu-ex-764,,,,,,,,113,184.62,,42.50
2026-09-18,pikachu-grey-felt-hat-085,2703.00,,50104,0.69,,,,,,-36.84,43.75
2026-09-18,pikachu-mcdonalds-020,,,,,,,,394,262.07,,42.50
2026-09-18,pikachu-promo-208,346.00,,41047,2.95,,,,173,279.00,-7.66,51.25
2026-09-18,pikachu-promo-323,534.00,,15485,1.78,,,,,,-47.18,33.75
2026-09-18,pikachu-sv-promo-001,,,,,,,,378,338.18,,55.00
2026-09-18,rayquaza-vmax-083,5008.00,,2527,1.12,,,,41,52.69,-205.39,37.81
2026-09-18,rockets-giovanni-270,103.00,,3270,0.89,,,,,,107.00,97.50
2026-09-18,rockets-mewtwo-ex-125,503.00,,12423,2.96,,,,,,-54.64,25.00
2026-09-18,rockets-mewtwo-ex-237,191.00,,22607,16.40,,,,205,157.77,-5.78,41.56
2026-09-18,tohoku-pikachu-260,201.00,,29912,18.74,,,,194,278.26,-13.79,20.94
2026-09-18,umbreon-ex-217,526.00,,81379,2.56,,,,234,69.77,-359.78,43.75
2026-09-18,umbreon-v-085,477.00,,12486,1.31,,,,98,155.00,-104.55,35.31
2026-09-19,arceus-vstar-262,209.00,,25019,1.54,,,,60,105.52,12.69,80.00
2026-09-19,charizard-ex-134,386.00,,20364,1.96,,,,93,257.40,-62.53,37.81
2026-09-19,charizard-ex-201,582.00,,38303,1.63,,,,107,83.33,-36.69,49.06
2026-09-19,charizard-ex-349,362.00,,24934,1.87,,,,97,146.14,-54.49,39.06
2026-09-19,charizard-ex-sir-199,1386.00,,28609,0.69,,,,,,-65.27,38.75
2026-09-19,detective-pikachu-098,,,,,,,,183,117.07,,77.50
2026-09-19,eevee-art-755,215.00,,1723,37.07,,,,47,293.00,-8.14,30.31
2026-09-19,fukuoka-pikachu-289,159.00,,41627,23.98,,,,257,191.25,-12.36,20.31
2026-09-19,giratina-v-111,1670.00,,13741,1.07,,,,78,193.18,-119.55,37.81
2026-09-19,giratina-vstar-261,,,,,,,,95,47.24,,65.00
2026-09-19,hiroshima-pikachu-261,,,,,,,,174,212.27,,42.50
2026-09-19,mega-charizard-x-ex-110,869.00,,53070,6.13,,,,260,77.14,-19.66,37.50
2026-09-19,mega-darkrai-ex-114,,,,,,,,56,102.50,,77.50
2026-09-19,mega-dragonite-ex-246,235.00,,31145,14.90,,,,176,139.99,-16.24,24.06
2026-09-19,mega-gengar-ex-240,473.00,,39050,12.97,,,,238,86.36,-12.89,30.31
2026-09-19,mega-rayquaza-ex-110,714.00,,938,,,,,,,,
2026-09-19,mew-ex-347,,,,,,,,64,158.14,,65.00
2026-09-19,pikachu-chr-073,127.00,,34189,4.27,,,,175,284.62,-38.49,32.50
2026-09-19,pikachu-ex-234,279.00,,36677,13.96,,,,317,144.50,-22.65,26.56
2026-09-19,pikachu-ex-764,1633.00,,7719,20.57,,,,111,168.75,-14.19,20.31
2026-09-19,pikachu-grey-felt-hat-085,2604.00,,50111,0.66,,,,,,-82.40,38.75
2026-09-19,pikachu-mcdonalds-020,,,,,,,,401,265.21,,42.50
2026-09-19,pikachu-promo-208,335.00,,41102,2.95,,,,172,278.00,-27.02,36.25
2026-09-19,pikachu-sv-promo-001,,,,,,,,380,300.16,,55.00
2026-09-19,rayquaza-vmax-083,5104.00,,2529,1.16,,,,44,41.82,-186.29,37.81
2026-09-19,rockets-mewtwo-ex-125,500.00,,12433,2.86,,,,,,-62.99,25.00
2026-09-19,rockets-mewtwo-ex-237,188.00,,22702,15.86,,,,205,143.33,-7.14,32.19
2026-09-19,tohoku-pikachu-260,,,,,,,,186,282.61,,65.00
2026-09-19,umbreon-ex-217,,,,,,,,236,67.44,,100.00
2026-09-19,umbreon-v-085,,,,,,,,94,153.33,,65.00
2026-09-20,arceus-vstar-262,209.00,,25030,1.49,,,,60,105.36,13.08,80.00
2026-09-20,charizard-ex-134,383.00,,20372,1.88,,,,104,222.68,-43.36,35.94
2026-09-20,charizard-ex-201,566.00,,38314,1.66,,,,107,71.88,-51.63,47.81
2026-09-20,charizard-ex-349,358.00,,24939,1.80,,,,105,131.66,-54.57,35.94
2026-09-20,charizard-ex-sir-199,1371.00,,28612,0.66,,,,,,-79.84,38.75
2026-09-20,detective-pikachu-098,352.00,,49863,2.03,,,,179,121.62,-86.62,35.00
2026-09-20,eevee-art-755,216.00,,1730,36.11,,,,50,268.04,-8.14,27.81
2026-09-20,fukuoka-pikachu-289,157.00,,41761,23.43,,,,270,185.62,-12.90,14.06
2026-09-20,giratina-v-111,1601.00,,13743,1.05,,,,83,181.82,-160.89,35.31
2026-09-20,giratina-vstar-261,292.00,,30456,1.37,,,,99,44.83,-61.72,41.56
2026-09-20,hiroshima-pikachu-261,201.00,,34518,38.00,,,,181,243.75,-10.38,24.69
2026-09-20,mega-charizard-x-ex-110,861.00,,53115,5.94,,,,257,72.86,-21.34,37.50
2026-09-20,mega-darkrai-ex-114,242.00,,7147,133.56,,,,55,105.72,-2.09,52.19
2026-09-20,mega-dragonite-ex-246,232.00,,31209,14.10,,,,172,139.28,-17.32,24.06
2026-09-20,mega-gengar-ex-240,465.00,,39121,13.18,,,,238,87.27,-13.76,30.31
2026-09-20,mega-rayquaza-ex-110,698.00,,981,,,,,,,,
2026-09-20,mew-ex-347,753.00,,26971,2.09,,,,69,151.16,-35.32,33.12
2026-09-20,pikachu-chr-073,123.00,,34200,3.83,,,,175,328.57,-53.88,32.50
2026-09-20,pikachu-ex-234,277.00,,36765,13.36,,,,331,133.33,-23.66,24.06
2026-09-20,pikachu-ex-764,1621.00,,7741,19.79,,,,116,166.28,-14.78,17.81
2026-09-20,pikachu-grey-felt-hat-085,2614.00,,50123,0.63,,,,,,-85.27,38.75
2026-09-20,pikachu-mcdonalds-020,,,,,,,,399,303.85,,65.00
2026-09-20,pikachu-promo-208,332.00,,41118,2.86,,,,171,275.00,-31.56,38.75
2026-09-20,pikachu-sv-promo-001,,,,,,,,376,328.17,,55.00
2026-09-20,rayquaza-vmax-083,,,,,,,,46,40.00,,65.00
2026-09-20,rockets-giovanni-270,99.00,,3271,0.89,,,,,,47.07,92.50
2026-09-20,rockets-mewtwo-ex-125,489.00,,12438,2.78,,,,,,-68.09,25.00
2026-09-20,rockets-mewtwo-ex-237,,,,,,,,213,144.43,,55.00
2026-09-20,tohoku-pikachu-260,196.00,,30160,17.91,,,,186,278.26,-14.22,26.56
2026-09-20,umbreon-ex-217,,,,,,,,240,60.47,,100.00
2026-09-20,umbreon-v-085,,,,,,,,92,150.00,,65.00
2026-09-21,arceus-vstar-262,204.00,,25030,1.42,,,,64,107.14,-3.43,60.31
2026-09-21,charizard-ex-134,,,,,,,,104,218.18,,42.50
2026-09-21,charizard-ex-201,,,,,,,,104,71.88,,100.00
2026-09-21,charizard-ex-349,,,,,,,,106,131.66,,55.00
2026-09-21,detective-pikachu-098,345.00,,49867,1.95,,,,176,127.02,-90.45,37.81
2026-09-21,eevee-art-755,215.00,,1731,34.81,,,,51,267.04,-8.67,27.81
2026-09-21,fukuoka-pikachu-289,,,,,,,,246,173.81,,42.50
2026-09-21,giratina-v-111,1503.00,,13743,0.99,,,,84,171.59,-204.70,35.31
2026-09-21,giratina-vstar-261,265.00,,30456,1.33,,,,94,55.52,-125.55,37.81
2026-09-21,hiroshima-pikachu-261,194.00,,34565,36.65,,,,163,222.72,-10.90,27.81
2026-09-21,mega-charizard-x-ex-110,,,,,,,,256,83.08,,80.00
2026-09-21,mega-darkrai-ex-114,232.00,,7149,128.11,,,,54,99.38,-2.57,55.31
2026-09-21,mega-dragonite-ex-246,234.00,,31221,13.67,,,,176,92.31,-16.84,30.31
2026-09-21,mega-gengar-ex-240,441.00,,39134,11.91,,,,234,84.55,-17.84,30.31
2026-09-21,mega-rayquaza-ex-110,662.00,,981,,,,,,,,
2026-09-21,mew-ex-347,751.00,,26972,2.04,,,,67,150.70,-39.06,36.25
2026-09-21,pikachu-chr-073,,,,,,,,176,325.69,,42.50
2026-09-21,pikachu-ex-234,270.00,,36783,12.88,,,,350,124.95,-25.49,20.94
2026-09-21,pikachu-ex-764,1529.00,,7742,19.49,,,,107,164.93,-16.84,24.06
2026-09-21,pikachu-mcdonalds-020,,,,,,,,384,281.48,,42.50
2026-09-21,pikachu-promo-208,307.00,,41122,2.73,,,,175,272.00,-58.20,32.50
2026-09-21,pikachu-promo-323,537.00,,15496,1.63,,,,,,-36.46,38.75
2026-09-21,pikachu-sv-promo-001,,,,,,,,377,292.16,,55.00
2026-09-21,rayquaza-vmax-083,,,,,,,,46,35.45,,65.00
2026-09-21,rockets-giovanni-270,87.00,,3271,0.86,,,,,,-86.25,33.75
2026-09-21,rockets-mewtwo-ex-125,490.00,,12438,2.62,,,,,,-80.40,25.00
2026-09-21,rockets-mewtwo-ex-237,,,,,,,,207,141.11,,42.50
2026-09-21,tohoku-pikachu-260,194.00,,30171,17.35,,,,177,278.63,-15.12,24.06
2026-09-21,umbreon-ex-217,,,,,,,,236,60.47,,100.00
2026-09-21,umbreon-v-085,417.00,,12494,1.25,,,,91,153.33,-199.24,35.31
2026-09-22,arceus-vstar-262,,,,,,,,61,107.14,,42.50
2026-09-22,charizard-ex-134,,,,,,,,112,211.36,,30.00
2026-09-22,charizard-ex-201,,,,,,,,110,68.62,,90.00
2026-09-22,charizard-ex-349,338.00,,24949,1.77,,,,109,127.80,-95.54,32.19
2026-09-22,charizard-ex-sir-199,1322.00,,28622,0.64,,,,,,-144.96,33.75
2026-09-22,detective-pikachu-098,335.00,,49891,2.00,,,,180,127.03,-99.52,35.31
2026-09-22,eevee-art-755,214.00,,1738,35.36,,,,50,264.04,-8.50,27.81
2026-09-22,fukuoka-pikachu-289,150.00,,42007,22.78,,,,222,211.25,-13.41,20.31
2026-09-22,giratina-v-111,1536.00,,13749,1.04,,,,83,170.45,-188.98,35.31
2026-09-22,giratina-vstar-261,,,,,,,,96,54.85,,65.00
2026-09-22,hiroshima-pikachu-261,188.00,,34747,37.37,,,,157,216.67,-11.19,27.81
2026-09-22,mega-charizard-x-ex-110,819.00,,53164,5.84,,,,276,62.32,-29.88,34.38
2026-09-22,mega-darkrai-ex-114,218.00,,7199,129.71,,,,59,92.07,-2.80,49.69
2026-09-22,mega-dragonite-ex-246,220.00,,31304,13.97,,,,175,82.57,-19.77,30.31
2026-09-22,mega-gengar-ex-240,421.00,,39223,12.14,,,,243,75.76,-20.11,29.69
2026-09-22,mega-rayquaza-ex-110,644.00,,989,,,,,,,,
2026-09-22,mew-ex-347,739.00,,26987,2.10,,,,73,144.18,-48.18,30.00
2026-09-22,pikachu-chr-073,,,,,,,,183,299.97,,42.50
2026-09-22,pikachu-ex-234,263.00,,36885,13.20,,,,342,114.40,-26.20,24.06
2026-09-22,pikachu-ex-764,,,,,,,,104,204.29,,42.50
2026-09-22,pikachu-mcdonalds-020,78.00,,293824,2.25,,,,386,261.72,-67.64,32.50
2026-09-22,pikachu-promo-208,293.00,,41172,2.86,,,,177,265.00,-61.98,32.50
2026-09-22,pikachu-promo-323,535.00,,15501,1.67,,,,,,-47.53,33.75
2026-09-22,pikachu-sv-promo-001,,,,,,,,372,318.17,,55.00
2026-09-22,rayquaza-vmax-083,5000.00,,2531,1.16,,,,44,36.36,-202.15,44.06
2026-09-22,rockets-mewtwo-ex-125,482.00,,12445,2.68,,,,,,-85.32,25.00
2026-09-22,rockets-mewtwo-ex-237,174.00,,22835,14.89,,,,205,127.78,-10.43,28.44
2026-09-22,tohoku-pikachu-260,,,,,,,,170,282.91,,65.00
2026-09-22,umbreon-ex-217,504.00,,81517,2.39,,,,244,55.04,-386.76,41.25
2026-09-22,umbreon-v-085,415.00,,12496,1.26,,,,93,150.00,-190.89,35.31
2026-09-23,arceus-vstar-262,,,,,,,,63,180.00,,30.00
2026-09-23,charizard-ex-134,,,,,,,,105,209.09,,30.00
2026-09-23,charizard-ex-201,,,,,,,,107,50.82,,100.00
2026-09-23,charizard-ex-349,,,,,,,,108,129.73,,42.50
2026-09-23,detective-pikachu-098,,,,,,,,177,147.22,,55.00
2026-09-23,eevee-art-755,,,,,,,,52,259.04,,42.50
2026-09-23,fukuoka-pikachu-289,,,,,,,,232,170.00,,42.50
2026-09-23,giratina-v-111,,,,,,,,77,195.45,,55.00
2026-09-23,giratina-vstar-261,,,,,,,,96,37.93,,65.00
2026-09-23,hiroshima-pikachu-261,,,,,,,,163,228.00,,55.00
2026-09-23,mega-charizard-x-ex-110,,,,,,,,273,57.14,,77.50
2026-09-23,mega-darkrai-ex-114,,,,,,,,55,106.67,,55.00
2026-09-23,mega-dragonite-ex-246,,,,,,,,179,82.29,,80.00
2026-09-23,mega-gengar-ex-240,,,,,,,,241,77.27,,77.50
2026-09-23,mew-ex-347,,,,,,,,67,146.51,,55.00
2026-09-23,pikachu-chr-073,,,,,,,,183,308.57,,42.50
2026-09-23,pikachu-ex-234,,,,,,,,324,117.50,,67.50
2026-09-23,pikachu-ex-764,,,,,,,,103,207.14,,42.50
2026-09-23,pikachu-mcdonalds-020,,,,,,,,392,296.00,,42.50
2026-09-23,pikachu-promo-208,,,,,,,,182,260.00,,55.00
2026-09-23,pikachu-sv-promo-001,,,,,,,,367,319.37,,55.00
2026-09-23,rayquaza-vmax-083,,,,,,,,43,41.82,,90.00
2026-09-23,rockets-mewtwo-ex-237,,,,,,,,185,150.00,,55.00
2026-09-23,tohoku-pikachu-260,,,,,,,,176,292.91,,55.00
2026-09-23,umbreon-ex-217,,,,,,,,230,62.50,,100.00
2026-09-23,umbreon-v-085,,,,,,,,96,150.00,,55.00
2026-09-24,arceus-vstar-262,,,,,,,,63,180.00,,42.50
2026-09-24,charizard-ex-134,,,,,,,,111,219.05,,30.00
2026-09-24,charizard-ex-201,,,,,,,,106,51.80,,90.00
2026-09-24,charizard-ex-349,,,,,,,,110,125.10,,42.50
2026-09-24,detective-pikachu-098,,,,,,,,169,158.33,,65.00
2026-09-24,eevee-art-755,,,,,,,,52,255.04,,42.50
2026-09-24,fukuoka-pikachu-289,,,,,,,,250,164.04,,42.50
2026-09-24,giratina-v-111,,,,,,,,89,180.68,,42.50
2026-09-24,giratina-vstar-261,,,,,,,,94,39.66,,77.50
2026-09-24,hiroshima-pikachu-261,,,,,,,,158,221.59,,65.00
2026-09-24,mega-charizard-x-ex-110,,,,,,,,268,66.67,,77.50
2026-09-24,mega-darkrai-ex-114,,,,,,,,47,112.90,,77.50
2026-09-24,mega-dragonite-ex-246,,,,,,,,167,82.86,,80.00
2026-09-24,mega-gengar-ex-240,,,,,,,,230,81.82,,80.00
2026-09-24,mew-ex-347,,,,,,,,63,140.70,,55.00
2026-09-24,pikachu-chr-073,,,,,,,,182,300.00,,42.50
2026-09-24,pikachu-ex-234,,,,,,,,319,122.22,,55.00
2026-09-24,pikachu-ex-764,,,,,,,,104,206.86,,42.50
2026-09-24,pikachu-mcdonalds-020,,,,,,,,389,299.96,,55.00
2026-09-24,pikachu-promo-208,,,,,,,,178,260.00,,42.50
2026-09-24,pikachu-sv-promo-001,,,,,,,,366,320.17,,55.00
2026-09-24,rayquaza-vmax-083,,,,,,,,43,36.18,,77.50
2026-09-24,rockets-mewtwo-ex-237,,,,,,,,188,150.00,,55.00
2026-09-24,tohoku-pikachu-260,,,,,,,,170,302.91,,65.00
2026-09-24,umbreon-ex-217,,,,,,,,236,47.78,,90.00
2026-09-24,umbreon-v-085,,,,,,,,100,151.67,,42.50
2026-09-25,arceus-vstar-262,,,,,,,,62,170.00,,30.00
2026-09-25,charizard-ex-134,,,,,,,,114,200.00,,30.00
2026-09-25,charizard-ex-201,,,,,,,,111,48.00,,77.50
2026-09-25,charizard-ex-349,,,,,,,,114,112.36,,42.50
2026-09-25,detective-pikachu-098,,,,,,,,180,166.67,,55.00
2026-09-25,eevee-art-755,,,,,,,,52,250.04,,42.50
2026-09-25,fukuoka-pikachu-289,,,,,,,,229,196.29,,65.00
2026-09-25,giratina-v-111,,,,,,,,94,178.41,,30.00
2026-09-25,giratina-vstar-261,,,,,,,,99,34.48,,77.50
2026-09-25,hiroshima-pikachu-261,,,,,,,,196,206.82,,42.50
2026-09-25,mega-charizard-x-ex-110,,,,,,,,278,64.29,,65.00
2026-09-25,mega-darkrai-ex-114,,,,,,,,52,116.13,,55.00
2026-09-25,mega-dragonite-ex-246,,,,,,,,173,80.00,,90.00
2026-09-25,mega-gengar-ex-240,,,,,,,,232,96.25,,80.00
2026-09-25,mew-ex-347,,,,,,,,62,155.81,,55.00
2026-09-25,pikachu-chr-073,,,,,,,,176,285.71,,42.50
2026-09-25,pikachu-ex-234,,,,,,,,334,120.00,,55.00
2026-09-25,pikachu-ex-764,,,,,,,,107,185.71,,55.00
2026-09-25,pikachu-mcdonalds-020,,,,,,,,394,330.43,,55.00
2026-09-25,pikachu-promo-208,,,,,,,,180,250.00,,42.50
2026-09-25,pikachu-sv-promo-001,,,,,,,,363,320.17,,55.00
2026-09-25,rayquaza-vmax-083,,,,,,,,43,36.36,,77.50
2026-09-25,rockets-mewtwo-ex-237,,,,,,,,189,149.77,,55.00
2026-09-25,tohoku-pikachu-260,,,,,,,,173,298.63,,65.00
2026-09-25,umbreon-ex-217,,,,,,,,228,55.11,,90.00
2026-09-25,umbreon-v-085,,,,,,,,97,147.67,,55.00
2026-09-26,arceus-vstar-262,,,,,,,,61,170.00,,42.50
2026-09-26,charizard-ex-134,,,,,,,,112,200.00,,30.00
2026-09-26,charizard-ex-201,,,,,,,,109,46.00,,77.50
2026-09-26,charizard-ex-349,,,,,,,,109,111.97,,42.50
2026-09-26,detective-pikachu-098,,,,,,,,179,163.88,,55.00
2026-09-26,eevee-art-755,,,,,,,,49,248.03,,42.50
2026-09-26,fukuoka-pikachu-289,,,,,,,,230,198.77,,65.00
2026-09-26,giratina-v-111,,,,,,,,94,178.28,,30.00
2026-09-26,giratina-vstar-261,,,,,,,,101,26.67,,67.50
2026-09-26,hiroshima-pikachu-261,,,,,,,,176,231.25,,42.50
2026-09-26,mega-charizard-x-ex-110,,,,,,,,266,67.16,,77.50
2026-09-26,mega-darkrai-ex-114,,,,,,,,65,112.19,,42.50
2026-09-26,mega-dragonite-ex-246,,,,,,,,171,82.86,,80.00
2026-09-26,mega-gengar-ex-240,,,,,,,,234,86.31,,80.00
2026-09-26,mew-ex-347,,,,,,,,63,153.49,,55.00
2026-09-26,pikachu-chr-073,,,,,,,,177,308.57,,42.50
2026-09-26,pikachu-ex-234,,,,,,,,328,110.00,,55.00
2026-09-26,pikachu-ex-764,,,,,,,,105,198.51,,55.00
2026-09-26,pikachu-mcdonalds-020,,,,,,,,402,375.00,,42.50
2026-09-26,pikachu-promo-208,,,,,,,,176,259.00,,42.50
2026-09-26,pikachu-sv-promo-001,,,,,,,,368,300.16,,55.00
2026-09-26,rayquaza-vmax-083,,,,,,,,43,53.06,,90.00
2026-09-26,rockets-mewtwo-ex-237,,,,,,,,200,108.00,,67.50
2026-09-26,tohoku-pikachu-260,,,,,,,,174,292.90,,55.00
2026-09-26,umbreon-ex-217,,,,,,,,231,54.44,,90.00
2026-09-26,umbreon-v-085,,,,,,,,97,146.67,,42.50
